{
  "Python": {
    "courseImage": "/CourseDetails/Python.jpg",
    "courseDescription": "In-depth exploratory research is carried out by experts to design Python course content at ICLP. Our Python Syllabus is developed by expert-level programming professionals to make sure of providing the best anytime-anywhere training environment for the aspirants. Python course details provide you with valuable and super clear information about all the Python programming concepts and also help you become a notable Python developer in the future. Below you will find the complete Python course details.",
    "section1": {
      "title": "Python Course Content",
      "description": "In-depth exploratory research is carried out by experts to design Python course content at MindMajix. Our Python Syllabus is developed by expert-level programming professionals to make sure of providing the best anytime-anywhere training environment for the aspirants. Python course details provide you with valuable and super clear information about all the Python programming concepts and also help you become a notable Python developer in the future. Below you will find the complete Python course details."
    },
    "section2": {
      "title": "Build Your Future with Python",
      "description": "Learn the Most In-Demand Programming Language & Launch a High-Paying Tech Career. Python is more than just a programming language—it's the gateway to a world of career opportunities in today's fast-evolving tech industry. Whether you're a student, job seeker, or working professional looking to upskill, mastering Python can be your first step toward a future-proof, high-paying career.",
      "bulletPoints": [
        "Beginner-Friendly: Easy to learn with simple syntax, perfect for freshers and non-programmers",
        "Versatile Language: Used in web development, data science, machine learning, automation, and more",
        "High Demand Across Industries: From startups to tech giants, everyone needs Python developers",
        "Strong Community Support: Tons of resources, tutorials, and open-source tools",
        "Future-Oriented: Powers innovations in AI, ML, robotics, data analytics, and cloud computing"
      ]
    },
    "section3": {
      "title": "Career Opportunities After Learning Python",
      "description": "Start your career in roles such as:",
      "bulletPoints": [
        "Python Developer",
        "Data Analyst",
        "Machine Learning Engineer",
        "AI Engineer",
        "Web Developer (Backend)",
        "Automation Tester",
        "Software Engineer",
        "DevOps Engineer",
        "Business Intelligence Analyst"
      ]
    }
  },
  "Java": {
    "courseImage": "/CourseDetails/Java.jpg",
    "courseDescription": "Our comprehensive Java course is designed by industry experts to provide you with in-depth knowledge of Java programming concepts. This course covers everything from basic syntax to advanced features, preparing you for a successful career as a Java developer. The syllabus is carefully crafted to ensure hands-on learning with real-world projects.",
    "section1": {
      "title": "Java Course Content",
      "description": "The Java course curriculum is structured to take you from fundamental concepts to advanced programming techniques. You'll learn object-oriented programming principles, Java collections framework, exception handling, multithreading, and modern Java features. Our practical approach ensures you gain the skills needed to build robust applications."
    },
    "section2": {
      "title": "Why Learn Java?",
      "description": "Java remains one of the most popular and versatile programming languages in the world, powering millions of applications across various domains. Mastering Java opens doors to numerous career opportunities in the ever-growing tech industry.",
      "bulletPoints": [
        "Platform Independence: Write once, run anywhere with Java's JVM",
        "High Demand: Consistently ranked among top programming languages",
        "Enterprise Standard: Preferred for large-scale business applications",
        "Strong Ecosystem: Vast collection of libraries and frameworks",
        "Android Development: Primary language for native Android apps"
      ]
    },
    "section3": {
      "title": "Career Paths with Java",
      "description": "Java skills can lead to various rewarding career opportunities including:",
      "bulletPoints": [
        "Java Developer",
        "Android Developer",
        "Backend Developer",
        "Software Engineer",
        "Full Stack Developer",
        "Enterprise Architect",
        "DevOps Engineer",
        "Big Data Engineer",
        "Cloud Solutions Developer"
      ]
    }
  },
  "R Programming": {
    "courseImage": "/CourseDetails/R.jpg",
    "courseDescription": "Our R Programming course provides comprehensive training in statistical computing and graphics. Designed by data science experts, this course equips you with the skills needed to perform complex data analysis, visualization, and statistical modeling using R. The curriculum combines theoretical knowledge with practical applications.",
    "section1": {
      "title": "R Programming Course Content",
      "description": "The R course covers data structures, data manipulation, statistical analysis, and visualization techniques. You'll learn to use RStudio, create reproducible research, and apply statistical methods to real-world datasets. The syllabus includes both base R and popular packages like ggplot2, dplyr, and shiny."
    },
    "section2": {
      "title": "The Power of R Programming",
      "description": "R is the language of choice for statisticians and data scientists worldwide. Its powerful capabilities make it indispensable for data analysis and research across industries.",
      "bulletPoints": [
        "Statistical Powerhouse: Designed specifically for statistical computing",
        "Data Visualization: Create publication-quality graphs and charts",
        "Open-Source Ecosystem: Thousands of specialized packages",
        "Academic Preference: Widely used in research and academia",
        "Interdisciplinary Applications: Used in finance, healthcare, marketing, and more"
      ]
    },
    "section3": {
      "title": "Career Opportunities with R",
      "description": "R programming skills can lead to exciting careers in data-driven fields:",
      "bulletPoints": [
        "Data Scientist",
        "Statistician",
        "Data Analyst",
        "Business Intelligence Analyst",
        "Quantitative Analyst",
        "Research Scientist",
        "Bioinformatician",
        "Machine Learning Engineer",
        "Data Visualization Specialist"
      ]
    }
  },
  "JavaScript": {
    "courseImage": "/CourseDetails/JavaScript.jpg",
    "courseDescription": "Our JavaScript course provides complete training in the world's most popular programming language. From fundamental concepts to modern frameworks, this course prepares you for frontend, backend, and full-stack development. The curriculum includes hands-on projects to build real-world web applications.",
    "section1": {
      "title": "JavaScript Course Content",
      "description": "The JavaScript syllabus covers ES6+ features, DOM manipulation, asynchronous programming, and popular frameworks like React and Node.js. You'll learn to build interactive web applications, work with APIs, and implement modern development workflows. The course emphasizes practical skills through project-based learning."
    },
    "section2": {
      "title": "Why JavaScript is Essential",
      "description": "JavaScript powers the modern web and continues to expand its reach with new technologies and frameworks. Mastering JavaScript opens doors to countless opportunities in web development and beyond.",
      "bulletPoints": [
        "Web Dominance: The only programming language native to browsers",
        "Full-Stack Capability: Frontend to backend with Node.js",
        "High Demand: Most commonly used programming language",
        "Vibrant Ecosystem: Countless frameworks and libraries",
        "Continuous Evolution: Regular updates with new features"
      ]
    },
    "section3": {
      "title": "JavaScript Career Paths",
      "description": "JavaScript skills can lead to diverse career opportunities including:",
      "bulletPoints": [
        "Frontend Developer",
        "Backend Developer",
        "Full Stack Developer",
        "React/Node.js Developer",
        "UI/UX Developer",
        "Web Application Developer",
        "Mobile App Developer (React Native)",
        "Game Developer",
        "DevOps Engineer"
      ]
    }
  },
  "PHP": {
    "courseImage": "/CourseDetails/PHP.jpg",
    "courseDescription": "Our PHP course provides comprehensive training in server-side web development. Designed for both beginners and experienced developers, this course covers PHP fundamentals, modern practices, and popular frameworks like Laravel. You'll learn to build dynamic, database-driven websites and web applications.",
    "section1": {
      "title": "PHP Course Content",
      "description": "The PHP curriculum includes syntax basics, object-oriented programming, MySQL integration, security practices, and MVC architecture. You'll work with Composer, build RESTful APIs, and deploy applications. The course emphasizes real-world projects including content management systems and e-commerce platforms."
    },
    "section2": {
      "title": "The PHP Advantage",
      "description": "PHP remains a cornerstone of web development, powering millions of websites including major platforms like WordPress and Facebook.",
      "bulletPoints": [
        "Web Specialization: Designed specifically for web development",
        "Wide Adoption: Powers 78% of all websites using server-side programming",
        "Performance: Continual improvements in speed and efficiency",
        "Cost-Effective: Open-source with low hosting requirements",
        "Strong CMS Ecosystem: WordPress, Drupal, Joomla, etc."
      ]
    },
    "section3": {
      "title": "PHP Career Opportunities",
      "description": "PHP developers are in constant demand for various web development roles:",
      "bulletPoints": [
        "PHP Developer",
        "WordPress Developer",
        "Backend Developer",
        "Full Stack Developer",
        "Web Application Developer",
        "E-commerce Developer",
        "CMS Specialist",
        "API Developer",
        "Technical Lead"
      ]
    }
  },

  "Full Stack Developer": {
    "courseImage": "/CourseDetails/FullStack.jpg",
    "courseDescription": "Our Full Stack Developer course provides end-to-end training in modern web development technologies. This comprehensive program covers both frontend and backend technologies, preparing you to build complete web applications from scratch. You'll master the entire development stack and learn to deploy production-ready applications.",
    "section1": {
      "title": "Full Stack Course Content",
      "description": "The Full Stack curriculum includes HTML5, CSS3, JavaScript, React.js for frontend development, and Node.js with Express for backend development. You'll learn database integration with MongoDB and SQL, RESTful API development, authentication systems, and deployment strategies. The course emphasizes real-world projects including e-commerce platforms and social media applications."
    },
    "section2": {
      "title": "Why Become a Full Stack Developer?",
      "description": "Full Stack Developers are among the most sought-after professionals in the tech industry, capable of handling all aspects of web application development.",
      "bulletPoints": [
        "High Demand: Companies prefer developers who can work on both client and server sides",
        "Versatile Skillset: Master both frontend and backend technologies",
        "Better Career Prospects: Higher salaries and more job opportunities",
        "End-to-End Understanding: See the big picture of how applications work",
        "Flexibility: Ability to work on diverse projects and technologies"
      ]
    },
    "section3": {
      "title": "Full Stack Career Opportunities",
      "description": "Full Stack skills can lead to various high-growth career paths:",
      "bulletPoints": [
        "Full Stack Developer",
        "Web Application Developer",
        "Frontend Developer (with backend knowledge)",
        "Backend Developer (with frontend knowledge)",
        "Technical Lead",
        "Solutions Architect",
        "Freelance Web Developer",
        "Startup Technical Founder",
        "DevOps Engineer"
      ]
    }
  },
  "ReactJS": {
    "courseImage": "/CourseDetails/ReactJS.jpg",
    "courseDescription": "Our ReactJS course provides comprehensive training in building modern, interactive user interfaces. You'll learn to create efficient, scalable frontend applications using React's component-based architecture. The course covers everything from React fundamentals to advanced concepts like hooks, context API, and state management.",
    "section1": {
      "title": "ReactJS Course Content",
      "description": "The ReactJS syllabus includes JSX syntax, components, props, state management, React hooks, routing with React Router, and integration with backend APIs. You'll learn to use modern tools like Redux for state management, Next.js for server-side rendering, and Material-UI for responsive design. The course includes multiple projects to build your portfolio."
    },
    "section2": {
      "title": "The ReactJS Advantage",
      "description": "React has become the most popular frontend library, powering thousands of high-traffic websites and applications worldwide.",
      "bulletPoints": [
        "Component-Based: Reusable UI components for efficient development",
        "Virtual DOM: Optimized rendering for better performance",
        "Strong Ecosystem: Rich collection of libraries and tools",
        "Backed by Facebook: Continuously maintained and improved",
        "High Job Demand: One of the most sought-after frontend skills"
      ]
    },
    "section3": {
      "title": "ReactJS Career Paths",
      "description": "ReactJS expertise opens doors to various frontend development roles:",
      "bulletPoints": [
        "React Developer",
        "Frontend Developer",
        "UI Developer",
        "JavaScript Developer",
        "Full Stack Developer (with backend knowledge)",
        "Mobile App Developer (React Native)",
        "Frontend Architect",
        "Technical Lead (Frontend)",
        "Freelance Web Developer"
      ]
    }
  },
  "Node.js": {
    "courseImage": "/CourseDetails/NodeJS.jpg",
    "courseDescription": "Our Node.js course provides in-depth training in server-side JavaScript development. You'll learn to build fast, scalable network applications using Node.js runtime environment. The course covers everything from basic concepts to advanced topics like microservices architecture and real-time applications.",
    "section1": {
      "title": "Node.js Course Content",
      "description": "The Node.js curriculum includes asynchronous programming, Express.js framework, REST API development, authentication with JWT, database integration with MongoDB and MySQL, and testing with Jest. You'll learn to build real-time applications with Socket.IO, create microservices, and deploy Node.js applications to cloud platforms."
    },
    "section2": {
      "title": "Why Learn Node.js?",
      "description": "Node.js has revolutionized backend development by enabling JavaScript on the server side, creating new possibilities for full stack JavaScript developers.",
      "bulletPoints": [
        "JavaScript Everywhere: Use the same language on frontend and backend",
        "High Performance: Non-blocking I/O for handling concurrent requests",
        "NPM Ecosystem: Largest collection of open-source packages",
        "Scalability: Ideal for building microservices and APIs",
        "Real-Time Capabilities: Perfect for chat apps, gaming, and collaboration tools"
      ]
    },
    "section3": {
      "title": "Node.js Career Opportunities",
      "description": "Node.js skills are valuable for various backend and full stack roles:",
      "bulletPoints": [
        "Node.js Developer",
        "Backend Developer",
        "Full Stack Developer",
        "API Developer",
        "DevOps Engineer",
        "Software Architect",
        "Technical Lead",
        "Real-Time Application Developer",
        "Microservices Specialist"
      ]
    }
  },
  "Microsoft Azure": {
    "courseImage": "/CourseDetails/Azure.jpg",
    "courseDescription": "Our Microsoft Azure course provides comprehensive training in cloud computing using Microsoft's powerful cloud platform. You'll learn to design, implement, and manage Azure solutions while preparing for Microsoft certification exams. The course covers infrastructure, platform services, security, and cloud architecture best practices.",
    "section1": {
      "title": "Azure Course Content",
      "description": "The Azure curriculum includes virtual machines, Azure Active Directory, storage solutions, networking, serverless computing, and DevOps on Azure. You'll work with Azure App Services, Functions, Kubernetes, and learn monitoring with Azure Monitor. The course includes hands-on labs with real Azure environments."
    },
    "section2": {
      "title": "Why Learn Microsoft Azure?",
      "description": "Azure is one of the fastest-growing cloud platforms with increasing enterprise adoption across industries.",
      "bulletPoints": [
        "Enterprise Adoption: Used by 95% of Fortune 500 companies",
        "Hybrid Cloud Leader: Seamless integration with on-premises systems",
        "Growing Demand: Over 100,000 Azure jobs available worldwide",
        "Microsoft Ecosystem: Tight integration with Windows, Office, and .NET",
        "Certification Path: Clear progression to Microsoft certifications"
      ]
    },
    "section3": {
      "title": "Azure Career Opportunities",
      "description": "Azure skills can lead to high-paying cloud roles including:",
      "bulletPoints": [
        "Azure Cloud Engineer",
        "Cloud Solutions Architect",
        "Azure DevOps Engineer",
        "Cloud Security Specialist",
        "Azure Data Engineer",
        "Cloud Administrator",
        "Infrastructure Engineer",
        "Cloud Consultant",
        "Enterprise Architect"
      ]
    }
  },
  "AWS": {
    "courseImage": "/CourseDetails/AWS.jpg",
    "courseDescription": "Our AWS course provides complete training in Amazon Web Services, the world's leading cloud platform. You'll gain hands-on experience with core AWS services while preparing for AWS certifications. The curriculum covers compute, storage, networking, security, and serverless architectures in the AWS cloud.",
    "section1": {
      "title": "AWS Course Content",
      "description": "The AWS syllabus includes EC2, S3, VPC, IAM, Lambda, RDS, CloudFormation, and more. You'll learn to deploy scalable applications, implement security best practices, and optimize costs. The course includes real-world projects like building highly available web applications and data pipelines on AWS."
    },
    "section2": {
      "title": "The AWS Advantage",
      "description": "AWS dominates the cloud market with the most comprehensive set of cloud services.",
      "bulletPoints": [
        "Market Leader: 33% share of the global cloud market",
        "Comprehensive Services: Over 200 fully featured services",
        "High Salaries: AWS-certified professionals earn 20-30% more",
        "Global Infrastructure: 84 availability zones worldwide",
        "Startup Friendly: Powers most tech startups and unicorns"
      ]
    },
    "section3": {
      "title": "AWS Career Paths",
      "description": "AWS expertise opens doors to lucrative cloud careers:",
      "bulletPoints": [
        "AWS Solutions Architect",
        "Cloud Engineer",
        "DevOps Engineer (AWS)",
        "Cloud Security Engineer",
        "Data Engineer (AWS)",
        "SysOps Administrator",
        "Cloud Consultant",
        "Site Reliability Engineer",
        "Technical Account Manager"
      ]
    }
  },
  "DevOps": {
    "courseImage": "/CourseDetails/DevOps.jpg",
    "courseDescription": "Our DevOps course provides end-to-end training in modern software delivery practices. You'll learn to bridge development and operations using cutting-edge tools and methodologies. The curriculum covers CI/CD pipelines, infrastructure as code, monitoring, and cloud-native architectures.",
    "section1": {
      "title": "DevOps Course Content",
      "description": "The DevOps program includes Docker, Kubernetes, Jenkins, Terraform, Ansible, Prometheus, and Grafana. You'll implement Git workflows, build automated pipelines, and deploy microservices. The course emphasizes real-world scenarios with hands-on labs simulating production environments."
    },
    "section2": {
      "title": "Why DevOps Matters",
      "description": "DevOps has revolutionized software delivery with faster releases and higher quality.",
      "bulletPoints": [
        "Industry Standard: Adopted by 83% of IT organizations",
        "Higher Salaries: DevOps engineers earn 25-35% more than traditional roles",
        "Future-Proof: Essential for cloud-native development",
        "Tool Mastery: Learn the most in-demand DevOps tools",
        "Cultural Shift: Learn collaborative ways of working"
      ]
    },
    "section3": {
      "title": "DevOps Career Opportunities",
      "description": "DevOps skills are valuable across the tech industry:",
      "bulletPoints": [
        "DevOps Engineer",
        "Site Reliability Engineer",
        "Platform Engineer",
        "Release Manager",
        "Automation Architect",
        "Cloud Engineer",
        "CI/CD Specialist",
        "Infrastructure Engineer",
        "Technical Operations Lead"
      ]
    }
  },
  "Cyber Security": {
    "courseImage": "/CourseDetails/CyberSecurity.jpg",
    "courseDescription": "Our Cyber Security course provides comprehensive training in protecting digital assets from threats. You'll learn defensive and offensive security techniques while preparing for industry certifications. The curriculum covers network security, ethical hacking, risk management, and compliance frameworks.",
    "section1": {
      "title": "Cyber Security Course Content",
      "description": "The program includes penetration testing, firewall configuration, SIEM tools, cryptography, and security auditing. You'll work with Kali Linux, Wireshark, Metasploit, and other security tools. The course includes simulated attacks and defense scenarios in a controlled lab environment."
    },
    "section2": {
      "title": "The Importance of Cyber Security",
      "description": "Cyber threats are growing exponentially, creating massive demand for security professionals.",
      "bulletPoints": [
        "Critical Need: 3.5 million unfilled cyber security jobs worldwide",
        "High Stakes: Global cybercrime damages exceed $6 trillion annually",
        "Diverse Specializations: Multiple career paths within security",
        "Continuous Learning: Ever-evolving threat landscape",
        "Mission-Driven: Protect organizations and society"
      ]
    },
    "section3": {
      "title": "Cyber Security Careers",
      "description": "Security skills lead to rewarding, high-impact roles:",
      "bulletPoints": [
        "Security Analyst",
        "Security Engineer",
        "SOC Analyst",
        "Vulnerability Assessor",
        "Security Architect",
        "GRC Consultant",
        "Forensic Investigator",
        "Security Operations Manager",
        "Chief Information Security Officer"
      ]
    }
  },
  "Ethical Hacking": {
    "courseImage": "/CourseDetails/EthicalHacking.jpg",
    "courseDescription": "Our Ethical Hacking course provides hands-on training in penetration testing and vulnerability assessment. You'll learn to think like a hacker to better defend systems, preparing for certifications like CEH and OSCP. The course covers reconnaissance, scanning, exploitation, and post-exploitation techniques.",
    "section1": {
      "title": "Ethical Hacking Course Content",
      "description": "The curriculum includes network penetration testing, web application hacking, wireless security, social engineering, and malware analysis. You'll use tools like Nmap, Burp Suite, John the Ripper, and Empire in controlled environments. The course culminates in capture-the-flag challenges."
    },
    "section2": {
      "title": "Why Become an Ethical Hacker?",
      "description": "Ethical hackers are the frontline defenders against cyber threats.",
      "bulletPoints": [
        "High Demand: 0% unemployment rate in cybersecurity",
        "Exciting Work: Constantly new challenges and puzzles",
        "Legal Hacking: Get paid to break systems (with permission)",
        "Certification Value: CEH holders earn 44% more",
        "Diverse Environments: Work across all industries"
      ]
    },
    "section3": {
      "title": "Ethical Hacking Careers",
      "description": "Hacking skills open unique security career paths:",
      "bulletPoints": [
        "Penetration Tester",
        "Red Team Operator",
        "Vulnerability Researcher",
        "Security Consultant",
        "Bug Bounty Hunter",
        "Malware Analyst",
        "Cyber Security Trainer",
        "Incident Responder",
        "Security Auditor"
      ]
    }
  },

  "Selenium": {
    "courseImage": "/CourseDetails/Selenium.jpg",
    "courseDescription": "Our Selenium course provides comprehensive training in automated web testing using the Selenium WebDriver. You'll learn to build robust test automation frameworks and implement continuous testing in DevOps pipelines. The curriculum covers cross-browser testing, parallel execution, and integration with popular testing tools.",
    "section1": {
      "title": "Selenium Course Content",
      "description": "The Selenium syllabus includes WebDriver architecture, locator strategies, test automation frameworks (TestNG, JUnit), Page Object Model, data-driven testing, and cross-browser testing. You'll learn to integrate Selenium with Jenkins for CI/CD pipelines and work with Selenium Grid for parallel execution."
    },
    "section2": {
      "title": "Why Learn Selenium?",
      "description": "Selenium is the industry standard for web automation testing with widespread adoption across organizations.",
      "bulletPoints": [
        "Industry Standard: Most popular open-source test automation tool",
        "Cross-Browser Testing: Verify functionality across browsers",
        "Language Support: Write tests in Java, Python, C#, etc.",
        "CI/CD Integration: Essential for DevOps pipelines",
        "High Demand: 72% of companies use Selenium for test automation"
      ]
    },
    "section3": {
      "title": "Selenium Career Opportunities",
      "description": "Selenium skills can lead to rewarding QA automation roles:",
      "bulletPoints": [
        "Automation Test Engineer",
        "QA Automation Developer",
        "SDET (Software Development Engineer in Test)",
        "Test Architect",
        "DevOps Test Engineer",
        "Quality Assurance Lead",
        "Test Automation Consultant",
        "Performance Test Engineer",
        "CI/CD Automation Specialist"
      ]
    }
  },
  "Manual Testing Course": {
    "courseImage": "/CourseDetails/ManualTesting.jpg",
    "courseDescription": "Our Manual Testing course provides fundamental training in software quality assurance principles and techniques. You'll learn to design test cases, execute manual tests, and report defects effectively. The curriculum covers all aspects of the software testing lifecycle with hands-on practice on real applications.",
    "section1": {
      "title": "Manual Testing Course Content",
      "description": "The course covers test planning, test case design techniques, defect lifecycle, test documentation, and various testing types (functional, regression, integration, system). You'll work with bug tracking tools like JIRA and learn agile testing methodologies."
    },
    "section2": {
      "title": "The Importance of Manual Testing",
      "description": "Manual testing remains crucial despite automation, especially for usability and exploratory testing.",
      "bulletPoints": [
        "Foundation for QA: Essential before learning automation",
        "User Perspective: Best for evaluating UX/UI aspects",
        "Early Career Entry: Common starting point in QA",
        "Complementary to Automation: Some tests must be manual",
        "Wide Applicability: Needed across all software domains"
      ]
    },
    "section3": {
      "title": "Manual Testing Career Paths",
      "description": "Manual testing skills open doors to various QA roles:",
      "bulletPoints": [
        "Manual Test Engineer",
        "QA Analyst",
        "Test Lead",
        "Quality Assurance Specialist",
        "Business Analyst (Testing)",
        "Application Tester",
        "Game Tester",
        "Mobile App Tester",
        "Test Coordinator"
      ]
    }
  },
  "ETL Testing": {
    "courseImage": "/CourseDetails/ETLTesting.jpg",
    "courseDescription": "Our ETL Testing course provides specialized training in data warehouse testing methodologies. You'll learn to validate data extraction, transformation and loading processes to ensure data integrity in BI systems. The curriculum covers SQL for testers, data quality checks, and ETL testing tools.",
    "section1": {
      "title": "ETL Testing Course Content",
      "description": "The course includes data warehouse concepts, ETL process validation, SQL queries for testing, data mapping verification, and performance testing of ETL jobs. You'll work with tools like Informatica, Talend, and SSIS while learning to automate data validation tests."
    },
    "section2": {
      "title": "Why ETL Testing Matters",
      "description": "ETL testing ensures accurate business decisions by verifying data quality in analytics systems.",
      "bulletPoints": [
        "BI Foundation: Critical for accurate reporting and analytics",
        "Data Integrity: Prevents costly business decisions from bad data",
        "Specialized Skill: Higher compensation than general testing",
        "Growing Demand: With increasing data warehouse adoption",
        "Automation Potential: Many repetitive checks can be automated"
      ]
    },
    "section3": {
      "title": "ETL Testing Career Opportunities",
      "description": "ETL testing expertise leads to specialized data QA roles:",
      "bulletPoints": [
        "ETL Test Engineer",
        "Data Quality Analyst",
        "BI Tester",
        "Data Warehouse Tester",
        "Database Test Specialist",
        "ETL Automation Engineer",
        "Data Migration Tester",
        "Analytics QA Lead",
        "Data Governance Specialist"
      ]
    }
  },
  "JMeter Course": {
    "courseImage": "/CourseDetails/JMeter.jpg",
    "courseDescription": "Our JMeter course provides hands-on training in performance and load testing using Apache JMeter. You'll learn to simulate heavy user loads, analyze performance metrics, and identify system bottlenecks. The curriculum covers web, API, and database performance testing with realistic scenarios.",
    "section1": {
      "title": "JMeter Course Content",
      "description": "The syllabus includes JMeter architecture, test plan creation, various samplers, listeners, controllers, and timers. You'll learn distributed testing, parameterization, correlation, and reporting. The course also covers advanced topics like BeanShell scripting and plugin management."
    },
    "section2": {
      "title": "The Power of JMeter",
      "description": "JMeter is the most popular open-source tool for performance testing with enterprise adoption.",
      "bulletPoints": [
        "Open-Source Advantage: Free with active community support",
        "Versatile: Test web, APIs, databases, and more",
        "Scalability: Simulate thousands of concurrent users",
        "CI/CD Integration: Run performance tests in pipelines",
        "Plugin Ecosystem: Extend functionality with plugins"
      ]
    },
    "section3": {
      "title": "JMeter Career Paths",
      "description": "JMeter skills are valuable for performance engineering roles:",
      "bulletPoints": [
        "Performance Test Engineer",
        "Load Test Specialist",
        "QA Performance Analyst",
        "DevOps Performance Engineer",
        "Application Performance Consultant",
        "Site Reliability Engineer",
        "Cloud Performance Architect",
        "Test Automation Engineer",
        "Technical Lead (Performance)"
      ]
    }
  },
  "LoadRunner": {
    "courseImage": "/CourseDetails/LoadRunner.jpg",
    "courseDescription": "Our LoadRunner course provides professional training in enterprise-grade performance testing using Micro Focus LoadRunner. You'll learn to design sophisticated load tests, analyze results, and optimize application performance. The curriculum covers protocol selection, scenario design, and advanced analysis techniques.",
    "section1": {
      "title": "LoadRunner Course Content",
      "description": "The course includes Virtual User Generator (VuGen), Controller, and Analysis modules. You'll learn to script for various protocols (Web HTTP/HTML, TruClient, Web Services), create realistic load scenarios, and interpret detailed performance graphs and reports."
    },
    "section2": {
      "title": "Why Learn LoadRunner?",
      "description": "LoadRunner remains the gold standard for enterprise performance testing.",
      "bulletPoints": [
        "Industry Standard: Used by Fortune 500 companies",
        "Enterprise Features: Supports complex testing scenarios",
        "Detailed Analytics: Comprehensive performance metrics",
        "Protocol Support: 50+ application protocols",
        "Career Value: LoadRunner skills command premium salaries"
      ]
    },
    "section3": {
      "title": "LoadRunner Career Opportunities",
      "description": "LoadRunner expertise opens doors to high-value performance roles:",
      "bulletPoints": [
        "Performance Test Lead",
        "Load Test Architect",
        "Enterprise Performance Engineer",
        "Application Performance Analyst",
        "Technical Consultant (Performance)",
        "QA Manager (Performance Testing)",
        "Cloud Performance Specialist",
        "SRE (Performance Focus)",
        "Pre-Sales Engineer (Testing Tools)"
      ]
    }
  },
  "SoapUI": {
    "courseImage": "/CourseDetails/SoapUI.jpg",
    "courseDescription": "Our SoapUI course provides comprehensive training in API testing using the SoapUI tool. You'll learn to test REST and SOAP web services, automate API tests, and implement service virtualization. The curriculum covers functional testing, security testing, and performance testing of APIs.",
    "section1": {
      "title": "SoapUI Course Content",
      "description": "The syllabus includes SoapUI project creation, REST and SOAP service testing, assertions, test suites, data-driven testing, and Groovy scripting. You'll learn to automate API tests, mock services, and integrate with CI/CD pipelines. The course also covers ReadyAPI features for advanced testing."
    },
    "section2": {
      "title": "The SoapUI Advantage",
      "description": "SoapUI is the most popular tool for API testing with comprehensive features.",
      "bulletPoints": [
        "API Specialization: Designed specifically for web services",
        "Dual Protocol: Supports both REST and SOAP",
        "Test Automation: Create robust API test suites",
        "Service Virtualization: Mock services for testing",
        "Integration Friendly: Works with CI/CD tools"
      ]
    },
    "section3": {
      "title": "SoapUI Career Paths",
      "description": "SoapUI skills are valuable for API testing and development roles:",
      "bulletPoints": [
        "API Test Engineer",
        "Web Services Tester",
        "Automation Engineer (API)",
        "Quality Assurance Analyst (API)",
        "DevOps Engineer (API Testing)",
        "Backend Developer (Testing Focus)",
        "Technical Consultant (API)",
        "Integration Test Specialist",
        "Test Architect (API)"
      ]
    }
  },
  "Data Science Course": {
    "courseImage": "/CourseDetails/DataScience.jpg",
    "courseDescription": "Our Data Science course provides end-to-end training in extracting insights from data. You'll master Python for data analysis, machine learning algorithms, and data visualization techniques. The curriculum covers the complete data science workflow from data cleaning to model deployment.",
    "section1": {
      "title": "Data Science Course Content",
      "description": "The course includes Python programming, pandas, NumPy, data visualization with Matplotlib and Seaborn, machine learning with scikit-learn, and introduction to deep learning. You'll work on real-world projects involving data cleaning, exploratory data analysis, feature engineering, and model building."
    },
    "section2": {
      "title": "Why Learn Data Science?",
      "description": "Data Science is transforming industries by turning data into actionable insights.",
      "bulletPoints": [
        "High Demand: #1 job in America (Glassdoor)",
        "Lucrative Salaries: Average $120,000+ in US",
        "Cross-Industry: Applicable to all sectors",
        "Future-Proof: Growing data needs across organizations",
        "Problem-Solving: Tackle complex business challenges"
      ]
    },
    "section3": {
      "title": "Data Science Career Opportunities",
      "description": "Data Science skills open doors to exciting roles:",
      "bulletPoints": [
        "Data Scientist",
        "Machine Learning Engineer",
        "Data Analyst",
        "Business Intelligence Analyst",
        "AI Specialist",
        "Research Scientist",
        "Data Engineer",
        "Quantitative Analyst",
        "Chief Data Officer"
      ]
    }
  },
  "Artificial Intelligence": {
    "courseImage": "/CourseDetails/AI.jpg",
    "courseDescription": "Our Artificial Intelligence course provides cutting-edge training in AI technologies. You'll learn machine learning, deep learning, neural networks, and AI application development. The curriculum combines theoretical foundations with hands-on projects using TensorFlow and PyTorch.",
    "section1": {
      "title": "AI Course Content",
      "description": "The syllabus includes supervised/unsupervised learning, neural networks, CNN, RNN, NLP, computer vision, and reinforcement learning. You'll implement AI models for image recognition, text processing, and predictive analytics. The course also covers AI ethics and deployment strategies."
    },
    "section2": {
      "title": "The AI Revolution",
      "description": "AI is transforming every industry with intelligent automation and decision-making.",
      "bulletPoints": [
        "Industry Transformation: Changing healthcare, finance, manufacturing etc.",
        "High Growth: AI market to reach $500 billion by 2024",
        "Cutting-Edge Tech: Work with latest advancements",
        "Research Opportunities: Contribute to advancing AI",
        "Global Impact: Solve complex societal problems"
      ]
    },
    "section3": {
      "title": "AI Career Paths",
      "description": "AI expertise leads to futuristic technology roles:",
      "bulletPoints": [
        "AI Engineer",
        "Machine Learning Specialist",
        "Deep Learning Engineer",
        "NLP Engineer",
        "Computer Vision Engineer",
        "AI Research Scientist",
        "AI Product Manager",
        "Robotics Engineer",
        "Chief AI Officer"
      ]
    }
  },

  "Digital Marketing": {
    "courseImage": "/CourseDetails/DigitalMarketing.jpg",
    "courseDescription": "Our Digital Marketing course provides comprehensive training in all aspects of online marketing strategies. You'll master SEO, social media marketing, PPC advertising, content marketing, email marketing, and analytics. The curriculum combines theoretical knowledge with hands-on projects using real-world tools and platforms.",
    "section1": {
      "title": "Digital Marketing Course Content",
      "description": "The course covers search engine optimization (SEO), Google Ads, Facebook/Instagram advertising, Google Analytics, content strategy, email marketing automation, and conversion rate optimization. You'll work with tools like Google Search Console, SEMrush, Mailchimp, and Hootsuite while developing complete digital marketing campaigns."
    },
    "section2": {
      "title": "Why Learn Digital Marketing?",
      "description": "Digital marketing skills are essential in today's online-first business landscape.",
      "bulletPoints": [
        "High Demand: Every business needs digital marketing expertise",
        "Diverse Skillset: Master multiple high-value marketing disciplines",
        "Performance-Based: Measurable results and ROI",
        "Flexible Career: Work in-house, agency, or freelance",
        "Constant Evolution: Always new platforms and techniques to master"
      ]
    },
    "section3": {
      "title": "Digital Marketing Career Opportunities",
      "description": "Digital marketing skills open doors to various exciting roles:",
      "bulletPoints": [
        "Digital Marketing Specialist",
        "SEO/SEM Manager",
        "Social Media Manager",
        "Content Marketing Manager",
        "PPC Specialist",
        "Email Marketing Manager",
        "Digital Strategist",
        "Growth Hacker",
        "Chief Marketing Officer (Digital)"
      ]
    }
  },
  "Excel": {
    "courseImage": "/CourseDetails/Excel.jpg",
    "courseDescription": "Our Excel course provides comprehensive training in data analysis and business productivity using Microsoft Excel. You'll progress from basic functions to advanced data modeling, automation, and visualization techniques. The curriculum is designed for professionals across all industries who need to work efficiently with data.",
    "section1": {
      "title": "Excel Course Content",
      "description": "The syllabus includes formulas and functions, pivot tables, data validation, advanced charts, Power Query, macros with VBA, and dashboard creation. You'll learn financial modeling, statistical analysis, and how to connect Excel with databases and other data sources for powerful business intelligence solutions."
    },
    "section2": {
      "title": "The Power of Excel",
      "description": "Excel remains the most widely used business productivity tool worldwide.",
      "bulletPoints": [
        "Universal Application: Used in every industry and department",
        "Career Essential: Required skill for many professional roles",
        "Data Analysis: Powerful tools for business intelligence",
        "Automation: Save hours with macros and scripting",
        "Certification Value: Microsoft Office Specialist credentials"
      ]
    },
    "section3": {
      "title": "Excel Career Applications",
      "description": "Advanced Excel skills enhance these professional roles:",
      "bulletPoints": [
        "Financial Analyst",
        "Business Analyst",
        "Data Analyst",
        "Operations Manager",
        "Accountant",
        "Marketing Analyst",
        "HR Specialist",
        "Project Manager",
        "Executive Assistant"
      ]
    }
  },

  "C Sharp": {
    "courseImage": "/CourseDetails/CSharp.jpg",
    "courseDescription": "Our C# course provides comprehensive training in Microsoft's versatile programming language. You'll learn to build robust applications for Windows, web, and mobile platforms using the .NET framework. The curriculum covers object-oriented programming, LINQ, asynchronous programming, and modern C# features.",
    "section1": {
      "title": "C# Course Content",
      "description": "The syllabus includes C# syntax, OOP principles, exception handling, delegates/events, generics, LINQ, async/await, and .NET Core fundamentals. You'll build desktop applications with WPF, web services with ASP.NET, and learn to work with databases using Entity Framework."
    },
    "section2": {
      "title": "Why Learn C#?",
      "description": "C# is a powerful, versatile language with strong Microsoft backing and wide enterprise adoption.",
      "bulletPoints": [
        "Enterprise Standard: Widely used in business applications",
        "Cross-Platform: With .NET Core runs on Windows, Linux, macOS",
        "Game Development: Primary language for Unity game engine",
        "Strong Typing: Reduces runtime errors",
        "Growing Ecosystem: Continuous improvements from Microsoft"
      ]
    },
    "section3": {
      "title": "C# Career Opportunities",
      "description": "C# skills can lead to various development roles:",
      "bulletPoints": [
        "C# Developer",
        ".NET Developer",
        "Unity Developer",
        "Backend Developer",
        "Full Stack Developer (.NET)",
        "Software Engineer",
        "Application Developer",
        "Cloud Developer (Azure)",
        "Technical Architect"
      ]
    }
  },
  "UNIX SHELL Scripting": {
    "courseImage": "/CourseDetails/UNIXShell.jpg",
    "courseDescription": "Our UNIX Shell Scripting course provides hands-on training in automating tasks and system administration using shell commands and scripts. You'll learn to write efficient scripts to manage files, processes, and system resources across UNIX/Linux environments.",
    "section1": {
      "title": "UNIX Shell Scripting Course Content",
      "description": "The course covers bash shell programming, file manipulation, text processing with grep/awk/sed, process management, regular expressions, and advanced scripting techniques. You'll learn to automate system administration tasks, create cron jobs, and write robust production scripts."
    },
    "section2": {
      "title": "The Power of Shell Scripting",
      "description": "Shell scripting is an essential skill for system administrators and developers working in UNIX/Linux environments.",
      "bulletPoints": [
        "System Administration: Automate repetitive tasks",
        "Developer Productivity: Streamline development workflows",
        "Server Management: Essential for managing Linux servers",
        "Lightweight Automation: No additional dependencies needed",
        "Cross-Platform: Skills transfer across UNIX-like systems"
      ]
    },
    "section3": {
      "title": "Shell Scripting Career Applications",
      "description": "Shell scripting skills enhance these technical roles:",
      "bulletPoints": [
        "Linux System Administrator",
        "DevOps Engineer",
        "Site Reliability Engineer",
        "Cloud Engineer",
        "Backend Developer",
        "Data Engineer",
        "Security Engineer",
        "Database Administrator",
        "Technical Support Engineer"
      ]
    }
  },
  "Workday HCM": {
    "courseImage": "/CourseDetails/WorkdayHCM.jpg",
    "courseDescription": "Our Workday HCM course provides comprehensive training in the leading cloud-based human capital management system. You'll learn to configure, implement, and manage Workday HCM solutions while understanding core HR processes and best practices.",
    "section1": {
      "title": "Workday HCM Course Content",
      "description": "The curriculum covers Workday architecture, organizational structures, business processes, security configuration, reporting, and integrations. You'll gain hands-on experience with core HCM modules including recruitment, compensation, talent management, and workforce planning."
    },
    "section2": {
      "title": "Why Learn Workday HCM?",
      "description": "Workday skills are in high demand as enterprises adopt cloud HCM solutions.",
      "bulletPoints": [
        "Market Leader: Growing adoption in large enterprises",
        "Cloud Expertise: Valuable SaaS implementation skills",
        "Career Growth: High demand for Workday professionals",
        "Certification Path: Workday offers official certifications",
        "Cross-Functional: Combines HR knowledge with technical skills"
      ]
    },
    "section3": {
      "title": "Workday HCM Career Paths",
      "description": "Workday skills can lead to specialized HR technology roles:",
      "bulletPoints": [
        "Workday HCM Consultant",
        "Workday Analyst",
        "HRIS Manager",
        "Workday Integration Specialist",
        "Workday Reporting Specialist",
        "Workday Security Administrator",
        "HR Technology Consultant",
        "Workday Project Manager",
        "Workday Architect"
      ]
    }
  },
  "Salesforce Online Training": {
    "courseImage": "/CourseDetails/SalesforceOnline.jpg",
    "courseDescription": "Our Salesforce Online Training provides flexible, comprehensive learning of the Salesforce platform. You'll master CRM configuration, customization, and administration through interactive online modules, virtual labs, and instructor-led sessions.",
    "section1": {
      "title": "Salesforce Online Course Content",
      "description": "The online curriculum covers Sales Cloud, Service Cloud, Lightning Experience, security models, process automation, reports/dashboards, and basic administration. The program includes hands-on exercises in a sandbox environment and preparation for Salesforce certification exams."
    },
    "section2": {
      "title": "Benefits of Online Salesforce Training",
      "description": "Online learning provides flexibility while delivering comprehensive Salesforce knowledge.",
      "bulletPoints": [
        "Flexible Schedule: Learn at your own pace",
        "Remote Access: No geographic limitations",
        "Hands-on Practice: Virtual lab environments",
        "Cost-Effective: Lower than in-person training",
        "Community Support: Access to online forums and groups"
      ]
    },
    "section3": {
      "title": "Salesforce Online Career Outcomes",
      "description": "Online training can lead to the same Salesforce career opportunities:",
      "bulletPoints": [
        "Remote Salesforce Administrator",
        "Virtual Salesforce Consultant",
        "Online Business Analyst",
        "Freelance Salesforce Developer",
        "Cloud CRM Specialist",
        "Salesforce Support Engineer",
        "Marketing Cloud Specialist",
        "Sales Operations Analyst",
        "Customer Success Manager"
      ]
    }
  },
  "Salesforce Developer": {
    "courseImage": "/CourseDetails/SalesforceDev.jpg",
    "courseDescription": "Our Salesforce Developer course provides in-depth training in building custom applications on the Salesforce platform. You'll learn Apex programming, Lightning Web Components, and integration techniques to extend Salesforce functionality.",
    "section1": {
      "title": "Salesforce Developer Course Content",
      "description": "The syllabus includes Apex classes/triggers, SOQL/SOSL, Lightning Component framework, Visualforce, REST/SOAP APIs, and deployment tools. You'll build custom applications, integrate with external systems, and follow Salesforce development best practices."
    },
    "section2": {
      "title": "Why Become a Salesforce Developer?",
      "description": "Salesforce Developers combine programming skills with platform expertise for high-demand roles.",
      "bulletPoints": [
        "Specialized Skillset: Combines coding with CRM knowledge",
        "High Earning Potential: Premium salaries for developers",
        "Platform Growth: Expanding Salesforce ecosystem",
        "Certification Path: Platform Developer I & II credentials",
        "Remote Opportunities: Many developer roles are location-independent"
      ]
    },
    "section3": {
      "title": "Salesforce Developer Careers",
      "description": "Developer skills open advanced technical roles:",
      "bulletPoints": [
        "Salesforce Developer",
        "Lightning Web Component Specialist",
        "Salesforce Architect",
        "Integration Developer",
        "Technical Consultant",
        "Application Engineer",
        "Solution Engineer",
        "Lead Developer",
        "CTO (Salesforce Practice)"
      ]
    }
  },
  "Azure DevOps": {
    "courseImage": "/CourseDetails/AzureDevOps.jpg",
    "courseDescription": "Our Azure DevOps course provides comprehensive training in Microsoft's cloud-based DevOps platform. You'll learn to implement CI/CD pipelines, manage code repositories, automate infrastructure, and monitor applications using Azure DevOps services.",
    "section1": {
      "title": "Azure DevOps Course Content",
      "description": "The curriculum covers Azure Repos, Pipelines, Boards, Test Plans, and Artifacts. You'll implement infrastructure as code with ARM templates, automate builds/releases, configure monitoring, and apply DevOps best practices in Azure environments."
    },
    "section2": {
      "title": "The Azure DevOps Advantage",
      "description": "Azure DevOps integrates seamlessly with Microsoft's cloud platform for end-to-end solutions.",
      "bulletPoints": [
        "Microsoft Integration: Tight coupling with Azure cloud",
        "Comprehensive Toolchain: All DevOps functions in one platform",
        "Enterprise Adoption: Widely used in Microsoft shops",
        "Hybrid Support: Works with on-prem and cloud resources",
        "Scalability: Handles large enterprise projects"
      ]
    },
    "section3": {
      "title": "Azure DevOps Career Paths",
      "description": "Azure DevOps skills are valuable for cloud engineering roles:",
      "bulletPoints": [
        "Azure DevOps Engineer",
        "Cloud Architect",
        "Release Manager",
        "Site Reliability Engineer",
        "Build Engineer",
        "Automation Specialist",
        "Technical Lead",
        "Infrastructure Engineer",
        "CI/CD Consultant"
      ]
    }
  },
  "Angular": {
    "courseImage": "/CourseDetails/Angular.jpg",
    "courseDescription": "Our Angular course provides comprehensive training in building modern web applications with Google's powerful frontend framework. You'll learn to create dynamic, single-page applications using components, services, and Angular's declarative templates.",
    "section1": {
      "title": "Angular Course Content",
      "description": "The syllabus includes TypeScript fundamentals, components, directives, services, dependency injection, routing, forms, HTTP client, and state management. You'll work with Angular CLI, learn testing strategies, and deploy production-ready applications."
    },
    "section2": {
      "title": "Why Learn Angular?",
      "description": "Angular is a complete framework preferred by enterprises for large-scale applications.",
      "bulletPoints": [
        "Enterprise Standard: Used by Fortune 500 companies",
        "Full-Featured: Built-in solutions for common needs",
        "Type Safety: TypeScript reduces runtime errors",
        "Google Backed: Strong corporate support",
        "Long-Term Support: Major version updates every 6 months"
      ]
    },
    "section3": {
      "title": "Angular Career Opportunities",
      "description": "Angular skills can lead to specialized frontend roles:",
      "bulletPoints": [
        "Angular Developer",
        "Frontend Engineer",
        "Full Stack Developer",
        "UI Developer",
        "JavaScript Architect",
        "Technical Lead (Frontend)",
        "Web Application Developer",
        "Enterprise Application Developer",
        "Freelance Web Developer"
      ]
    }
  },
  "WordPress": {
    "courseImage": "/CourseDetails/WordPress.jpg",
    "courseDescription": "Our WordPress course provides complete training in building and managing websites using the world's most popular CMS. You'll learn theme development, plugin customization, security best practices, and performance optimization for professional WordPress sites.",
    "section1": {
      "title": "WordPress Course Content",
      "description": "The curriculum covers WordPress installation, theme customization, plugin development, WooCommerce, security hardening, SEO optimization, and multisite management. You'll build complete websites while learning PHP, HTML/CSS, and JavaScript as they relate to WordPress."
    },
    "section2": {
      "title": "The WordPress Advantage",
      "description": "WordPress powers over 40% of all websites, creating massive demand for skilled developers.",
      "bulletPoints": [
        "Market Dominance: Most popular CMS worldwide",
        "Ecosystem: Thousands of themes and plugins",
        "Career Flexibility: Work for agencies, freelance, or in-house",
        "Low Barrier to Entry: Easy to start, room to grow",
        "Continuous Demand: Ongoing need for WordPress skills"
      ]
    },
    "section3": {
      "title": "WordPress Career Paths",
      "description": "WordPress skills open various web development opportunities:",
      "bulletPoints": [
        "WordPress Developer",
        "Theme Developer",
        "Plugin Developer",
        "Web Designer",
        "Content Manager",
        "E-commerce Developer (WooCommerce)",
        "Digital Marketing Specialist",
        "Technical Support Engineer",
        "Web Agency Owner"
      ]
    }
  },
  "CSS Online": {
    "courseImage": "/CourseDetails/CSSOnline.jpg",
    "courseDescription": "Our CSS Online course provides flexible, comprehensive training in modern web styling techniques. You'll master responsive design, CSS3 features, Flexbox, Grid, animations, and preprocessors through interactive online modules and hands-on projects.",
    "section1": {
      "title": "CSS Online Course Content",
      "description": "The online curriculum covers selectors, box model, positioning, media queries, transitions, transforms, Sass/SCSS, BEM methodology, and accessibility. You'll build responsive layouts, create animations, and learn to work with design systems in a virtual learning environment."
    },
    "section2": {
      "title": "Benefits of Learning CSS Online",
      "description": "Online CSS training offers convenience without compromising quality.",
      "bulletPoints": [
        "Self-Paced Learning: Study on your schedule",
        "Immediate Application: Practice on real projects",
        "Visual Learning: Perfect for design-related skills",
        "Cost-Effective: Affordable training option",
        "Community Access: Online forums and peer feedback"
      ]
    },
    "section3": {
      "title": "CSS Online Career Applications",
      "description": "CSS skills enhance these web-related roles:",
      "bulletPoints": [
        "Frontend Developer",
        "Web Designer",
        "UI Developer",
        "UX Designer",
        "Email Developer",
        "Theme Designer",
        "Digital Designer",
        "Web Content Manager",
        "Freelance Web Professional"
      ]
    }
  },
  "Machine Learning": {
    "courseImage": "/CourseDetails/ML.jpg",
    "courseDescription": "Our Machine Learning course provides comprehensive training in algorithms, statistical models, and data patterns that enable computers to improve through experience. You'll learn supervised and unsupervised learning techniques, neural networks, and model evaluation methods.",
    "section1": {
      "title": "Machine Learning Course Content",
      "description": "The syllabus includes regression, classification, clustering, dimensionality reduction, ensemble methods, and deep learning fundamentals. You'll work with scikit-learn, TensorFlow, and PyTorch while learning data preprocessing, feature engineering, and model deployment strategies."
    },
    "section2": {
      "title": "Why Learn Machine Learning?",
      "description": "ML is transforming industries with intelligent automation and predictive capabilities.",
      "bulletPoints": [
        "Industry Transformation: Changing healthcare, finance, retail, etc.",
        "High Salaries: Among top-paying tech skills",
        "Research Opportunities: Cutting-edge innovations",
        "Cross-Disciplinary: Applications across all domains",
        "Future-Proof: Growing demand across sectors"
      ]
    },
    "section3": {
      "title": "Machine Learning Careers",
      "description": "ML skills lead to advanced data science roles:",
      "bulletPoints": [
        "Machine Learning Engineer",
        "Data Scientist",
        "AI Specialist",
        "Research Scientist",
        "Computer Vision Engineer",
        "NLP Engineer",
        "Predictive Modeler",
        "Quantitative Analyst",
        "Chief Data Scientist"
      ]
    }
  },
  "Data Science With Python": {
    "courseImage": "/CourseDetails/DSPython.jpg",
    "courseDescription": "Our Data Science with Python course provides specialized training in analyzing and visualizing data using Python's powerful ecosystem. You'll master pandas for data manipulation, NumPy for numerical computing, and Matplotlib/Seaborn for visualization while learning statistical analysis techniques.",
    "section1": {
      "title": "Data Science with Python Course Content",
      "description": "The curriculum covers data cleaning, exploratory data analysis, statistical modeling, machine learning basics, and data visualization. You'll work with Jupyter Notebooks, learn to handle real-world datasets, and communicate insights effectively through data storytelling."
    },
    "section2": {
      "title": "Python for Data Science Advantage",
      "description": "Python is the leading language for data science due to its rich ecosystem.",
      "bulletPoints": [
        "Ecosystem Richness: pandas, NumPy, scikit-learn, etc.",
        "Versatility: From analysis to production deployment",
        "Community Support: Extensive resources and libraries",
        "Industry Standard: Used by 75% of data scientists",
        "Integration: Works with big data tools and databases"
      ]
    },
    "section3": {
      "title": "Data Science Python Careers",
      "description": "These roles benefit from Python data science skills:",
      "bulletPoints": [
        "Data Scientist (Python)",
        "Data Analyst",
        "Business Intelligence Analyst",
        "Quantitative Researcher",
        "Machine Learning Engineer",
        "Data Engineer",
        "Research Scientist",
        "Analytics Consultant",
        "Chief Analytics Officer"
      ]
    }
  },
  "Machine Learning with Python": {
    "courseImage": "/CourseDetails/MLPython.jpg",
    "courseDescription": "Our Machine Learning with Python course provides hands-on training in implementing ML algorithms using Python's scientific stack. You'll learn to build, evaluate, and deploy machine learning models using scikit-learn, TensorFlow, and other Python libraries.",
    "section1": {
      "title": "ML with Python Course Content",
      "description": "The syllabus includes supervised learning (regression, classification), unsupervised learning (clustering, dimensionality reduction), neural networks, model evaluation, hyperparameter tuning, and ML pipelines. You'll work on real datasets and learn to productionize models."
    },
    "section2": {
      "title": "Python's ML Ecosystem",
      "description": "Python offers the most comprehensive tools for machine learning implementation.",
      "bulletPoints": [
        "scikit-learn: Comprehensive traditional ML library",
        "TensorFlow/PyTorch: Leading deep learning frameworks",
        "Integration: Works with data processing and visualization tools",
        "Deployment: Flask/Django for model APIs",
        "Community: Largest ML community support"
      ]
    },
    "section3": {
      "title": "ML Python Career Paths",
      "description": "Python ML skills are essential for these roles:",
      "bulletPoints": [
        "Machine Learning Engineer (Python)",
        "Data Scientist",
        "AI Developer",
        "Research Engineer",
        "Computer Vision Engineer",
        "NLP Specialist",
        "Predictive Analytics Developer",
        "Quantitative Developer",
        "ML Ops Engineer"
      ]
    }
  },
  "Machine Learning using R": {
    "courseImage": "/CourseDetails/MLR.jpg",
    "courseDescription": "Our Machine Learning using R course provides specialized training in statistical learning techniques using the R programming language. You'll learn to implement ML algorithms with R's extensive packages, focusing on model interpretation and statistical rigor.",
    "section1": {
      "title": "ML with R Course Content",
      "description": "The curriculum covers caret package for model training, statistical learning methods, model evaluation, feature selection, and ensemble methods. You'll work with RStudio, learn to visualize model performance, and apply techniques to research-quality statistical analysis."
    },
    "section2": {
      "title": "R for Statistical Machine Learning",
      "description": "R is preferred for ML applications requiring rigorous statistical analysis.",
      "bulletPoints": [
        "Statistical Focus: Strong theoretical foundations",
        "Research Quality: Preferred in academia and research",
        "Reproducibility: RMarkdown for documented analysis",
        "Specialized Packages: Wide range of statistical ML packages",
        "Data Visualization: ggplot2 for model insights"
      ]
    },
    "section3": {
      "title": "ML with R Career Opportunities",
      "description": "R ML skills are valuable in these domains:",
      "bulletPoints": [
        "Statistical Modeler",
        "Research Scientist",
        "Biostatistician",
        "Quantitative Analyst (Finance)",
        "Epidemiologist",
        "Social Science Researcher",
        "Marketing Analytics Specialist",
        "Healthcare Data Scientist",
        "Academic Researcher"
      ]
    }
  },
  "MySQL": {
    "courseImage": "/CourseDetails/MySQL.jpg",
    "courseDescription": "Our MySQL course provides comprehensive training in the world's most popular open-source relational database. You'll learn database design, SQL programming, administration, and performance optimization for web and application development.",
    "section1": {
      "title": "MySQL Course Content",
      "description": "The syllabus includes database design principles, SQL queries, joins, subqueries, views, stored procedures, triggers, indexes, transactions, and security. You'll learn to optimize queries, configure MySQL servers, and implement backup/recovery strategies."
    },
    "section2": {
      "title": "Why Learn MySQL?",
      "description": "MySQL remains the database of choice for web applications and is part of the LAMP stack.",
      "bulletPoints": [
        "Open-Source: Free with commercial support options",
        "High Performance: Handles large-scale applications",
        "Web Standard: Powers most dynamic websites",
        "Cloud Ready: Available on all major cloud platforms",
        "Career Value: Foundational database skill"
      ]
    },
    "section3": {
      "title": "MySQL Career Applications",
      "description": "MySQL skills enhance these technical roles:",
      "bulletPoints": [
        "Database Administrator",
        "Backend Developer",
        "Full Stack Developer",
        "Data Analyst",
        "Business Intelligence Developer",
        "DevOps Engineer",
        "Application Developer",
        "ETL Developer",
        "Systems Architect"
      ]
    }
  },
  "SQL with PHP": {
    "courseImage": "/CourseDetails/SQLPHP.jpg",
    "courseDescription": "Our SQL with PHP course provides integrated training in database-driven web development. You'll learn to design databases and build dynamic web applications that interact with MySQL databases using PHP's database connectivity features.",
    "section1": {
      "title": "SQL with PHP Course Content",
      "description": "The curriculum covers MySQL database design, SQL queries, PHP data objects (PDO), prepared statements, CRUD operations, and security best practices. You'll build complete database-driven applications while learning to prevent SQL injection and optimize database interactions."
    },
    "section2": {
      "title": "The PHP/SQL Combination",
      "description": "PHP and SQL form the backbone of dynamic web development in the LAMP stack.",
      "bulletPoints": [
        "Web Standard: Foundation of many CMS and web apps",
        "Practical Skills: Build database applications quickly",
        "Career Foundation: Essential for web development roles",
        "Cost-Effective: Open-source technologies",
        "Wide Hosting Support: Available on all web hosts"
      ]
    },
    "section3": {
      "title": "PHP/SQL Career Paths",
      "description": "These web development roles require SQL with PHP skills:",
      "bulletPoints": [
        "PHP Developer",
        "Web Application Developer",
        "Full Stack Developer (LAMP)",
        "CMS Developer (WordPress, Drupal, etc.)",
        "Backend Developer",
        "Database-Driven App Developer",
        "Technical Support Engineer",
        "Freelance Web Developer",
        "IT Consultant"
      ]
    }
  },
  "Microsoft Dynamics 365": {
    "courseImage": "/CourseDetails/Dynamics365.jpg",
    "courseDescription": "Our Microsoft Dynamics 365 course provides comprehensive training in Microsoft's enterprise CRM and ERP cloud solutions. You'll learn to configure, customize, and administer Dynamics 365 applications for sales, customer service, marketing, and operations.",
    "section1": {
      "title": "Dynamics 365 Course Content",
      "description": "The syllabus covers core modules (Sales, Customer Service, Marketing, Field Service), Power Platform integration, security models, workflow automation, reporting, and basic customization. You'll work with real Dynamics 365 environments to implement business solutions."
    },
    "section2": {
      "title": "Why Learn Dynamics 365?",
      "description": "Dynamics 365 skills are in high demand as enterprises adopt Microsoft's cloud business applications.",
      "bulletPoints": [
        "Enterprise Adoption: Growing implementation in large organizations",
        "Microsoft Ecosystem: Integrates with Office 365, Azure, etc.",
        "Career Growth: High demand for Dynamics professionals",
        "Certification Path: Microsoft offers role-based certifications",
        "Dual Expertise: Combines business process with technical skills"
      ]
    },
    "section3": {
      "title": "Dynamics 365 Career Opportunities",
      "description": "Dynamics skills can lead to specialized roles:",
      "bulletPoints": [
        "Dynamics 365 Consultant",
        "CRM Functional Consultant",
        "ERP Analyst",
        "Business Applications Specialist",
        "Dynamics 365 Developer",
        "Technical Architect",
        "Solution Engineer",
        "Customer Engagement Manager",
        "Product Manager (Business Apps)"
      ]
    }
  },
  "Microsoft Excel": {
    "courseImage": "/CourseDetails/Excel.jpg",
    "courseDescription": "Our Microsoft Excel course provides comprehensive training in spreadsheet analysis and business productivity. You'll progress from basic functions to advanced data manipulation, analysis, and visualization techniques used by business professionals worldwide.",
    "section1": {
      "title": "Excel Course Content",
      "description": "The syllabus includes formulas/functions, pivot tables, data validation, lookup functions, conditional formatting, charts/graphs, data analysis tools, and introductory macros. You'll learn to clean, analyze, and present data effectively for business decision-making."
    },
    "section2": {
      "title": "Excel's Business Importance",
      "description": "Excel remains the most widely used business tool across all industries and functions.",
      "bulletPoints": [
        "Universal Application: Used in every business department",
        "Career Essential: Required skill for many professional roles",
        "Data Analysis: Foundation for business intelligence",
        "Reporting: Standard for financial and operational reports",
        "Certification Value: MOS certification enhances resumes"
      ]
    },
    "section3": {
      "title": "Excel Career Applications",
      "description": "Advanced Excel skills benefit these professional roles:",
      "bulletPoints": [
        "Financial Analyst",
        "Business Analyst",
        "Accountant",
        "Project Manager",
        "Marketing Analyst",
        "Operations Manager",
        "HR Specialist",
        "Sales Analyst",
        "Executive Assistant"
      ]
    }
  },
  "Excel Macros and VBA": {
    "courseImage": "/CourseDetails/ExcelVBA.jpg",
    "courseDescription": "Our Excel Macros and VBA course provides specialized training in automating Excel tasks using Visual Basic for Applications. You'll learn to create macros, write VBA code, and build custom functions to streamline repetitive tasks and enhance Excel's capabilities.",
    "section1": {
      "title": "Excel VBA Course Content",
      "description": "The curriculum covers macro recorder, VBA editor, variables/loops, user forms, error handling, event procedures, and advanced automation techniques. You'll build practical solutions like automated reports, data processing tools, and custom Excel add-ins."
    },
    "section2": {
      "title": "The Power of Excel Automation",
      "description": "VBA skills can save hundreds of hours by automating repetitive spreadsheet tasks.",
      "bulletPoints": [
        "Productivity Multiplier: Automate repetitive tasks",
        "Custom Solutions: Build tools beyond standard Excel",
        "Career Differentiator: Advanced skill valued by employers",
        "Integration: Connect Excel with other Office apps",
        "Legacy Systems: Many businesses rely on VBA solutions"
      ]
    },
    "section3": {
      "title": "VBA Career Opportunities",
      "description": "VBA skills enhance these analytical and technical roles:",
      "bulletPoints": [
        "Financial Modeler",
        "Business Intelligence Analyst",
        "Data Analyst",
        "Operations Analyst",
        "Excel Developer",
        "Process Automation Specialist",
        "Consultant",
        "Accountant (Advanced)",
        "ERP Analyst"
      ]
    }
  },
  "UI and UX": {
    "courseImage": "/CourseDetails/UIUX.jpg",
    "courseDescription": "Our UI/UX Design course provides comprehensive training in user-centered design principles and practices. You'll learn to create intuitive, visually appealing digital experiences through user research, wireframing, prototyping, and usability testing. The curriculum covers both theoretical foundations and practical skills using industry-standard tools.",
    "section1": {
      "title": "UI/UX Course Content",
      "description": "The course includes user research methods, information architecture, interaction design, visual design principles, prototyping with Figma/Adobe XD, usability testing, and accessibility standards. You'll complete portfolio projects demonstrating the complete design process from concept to high-fidelity prototypes."
    },
    "section2": {
      "title": "Why UI/UX Design Matters",
      "description": "Great design is crucial for product success in competitive digital markets.",
      "bulletPoints": [
        "User-Centric Approach: Design products people love to use",
        "Business Impact: Good UX increases conversion and retention",
        "High Demand: Growing need for design skills across industries",
        "Creative + Technical: Blend artistic and analytical skills",
        "Remote Opportunities: Many design jobs are location-independent"
      ]
    },
    "section3": {
      "title": "UI/UX Career Paths",
      "description": "Design skills lead to rewarding creative technology roles:",
      "bulletPoints": [
        "UI Designer",
        "UX Designer",
        "Interaction Designer",
        "Product Designer",
        "UX Researcher",
        "Information Architect",
        "UX Writer",
        "Design System Specialist",
        "Chief Design Officer"
      ]
    }
  },
  "Salesforce": {
    "courseImage": "/CourseDetails/Salesforce.jpg",
    "courseDescription": "Our Salesforce course provides complete training in the world's #1 CRM platform. You'll learn to configure, customize, and administer Salesforce solutions while preparing for Salesforce certification exams. The curriculum covers Sales Cloud, Service Cloud, administration, and development on the Salesforce platform.",
    "section1": {
      "title": "Salesforce Course Content",
      "description": "The syllabus includes data modeling, security configuration, process automation, reports/dashboards, Lightning components, and basic Apex programming. You'll work with real Salesforce orgs to implement business solutions, integrate with other systems, and optimize CRM workflows."
    },
    "section2": {
      "title": "The Salesforce Advantage",
      "description": "Salesforce skills offer exceptional career opportunities in the growing CRM market.",
      "bulletPoints": [
        "Market Leader: 20%+ share of global CRM market",
        "High Salaries: Certified professionals earn premium compensation",
        "Ecosystem Growth: 3.3 million Salesforce jobs by 2022",
        "Continuous Innovation: Regular platform updates with new features",
        "Community Support: Active Trailblazer community and resources"
      ]
    },
    "section3": {
      "title": "Salesforce Career Opportunities",
      "description": "Salesforce expertise leads to high-demand tech roles:",
      "bulletPoints": [
        "Salesforce Administrator",
        "Salesforce Developer",
        "Salesforce Consultant",
        "Business Analyst (Salesforce)",
        "CRM Manager",
        "Marketing Cloud Specialist",
        "Salesforce Architect",
        "Service Cloud Consultant",
        "Sales Operations Manager"
      ]
    }
  },

  "jQuery": {
    "courseImage": "/CourseDetails/jQuery.jpg",
    "courseDescription": "Our jQuery course provides comprehensive training in the world's most popular JavaScript library. You'll learn to simplify DOM manipulation, event handling, animations, and AJAX interactions to create dynamic, interactive web applications. This course is perfect for JavaScript developers looking to enhance their frontend development skills with this powerful library.",
    "section1": {
      "title": "jQuery Course Content",
      "description": "The curriculum covers jQuery syntax, selectors, DOM traversal and manipulation, event handling, effects and animations, AJAX implementation, form handling, and plugin usage. You'll learn to work with jQuery UI for interactive elements and optimize jQuery performance. The course includes practical projects to build real-world web applications."
    },
    "section2": {
      "title": "The jQuery Advantage",
      "description": "jQuery remains widely used despite modern JavaScript frameworks, offering unique benefits for web development.",
      "bulletPoints": [
        "Simplified JavaScript: Write less, do more with concise syntax",
        "Cross-Browser Compatibility: Handles browser inconsistencies automatically",
        "Rich Ecosystem: Thousands of plugins for extended functionality",
        "Quick Prototyping: Rapidly build interactive features",
        "Legacy Code Maintenance: Essential for maintaining older websites"
      ]
    },
    "section3": {
      "title": "jQuery Career Opportunities",
      "description": "jQuery skills are valuable for these web development roles:",
      "bulletPoints": [
        "Frontend Developer",
        "JavaScript Developer",
        "Web Application Developer",
        "UI Developer",
        "WordPress Developer",
        "Full Stack Developer",
        "Web Designer",
        "Technical Consultant",
        "Legacy System Maintainer"
      ]
    }
  },

  "HTML": {
    "courseImage": "/CourseDetails/HTML.jpg",
    "courseDescription": "Our HTML course provides comprehensive training in the foundational language of the web. You'll learn to structure web content semantically, create accessible websites, and understand how HTML works with CSS and JavaScript. The curriculum covers everything from basic tags to modern HTML5 features, preparing you for frontend web development.",
    "section1": {
      "title": "HTML Course Content",
      "description": "The syllabus includes HTML syntax, document structure, text formatting, links, images, tables, forms, and multimedia elements. You'll learn semantic HTML5 tags, accessibility best practices, SEO fundamentals, and how to validate your markup. The course also covers integration with CSS and basic DOM manipulation."
    },
    "section2": {
      "title": "Why Learn HTML?",
      "description": "HTML is the essential starting point for anyone interested in web development and design.",
      "bulletPoints": [
        "Web Foundation: The backbone of every website on the internet",
        "Beginner-Friendly: Easy to learn with immediate visible results",
        "Career Gateway: First step to becoming a web developer",
        "Universal Skill: Needed across all web-related disciplines",
        "Future-Proof: Continually evolving with new standards"
      ]
    },
    "section3": {
      "title": "HTML Career Applications",
      "description": "HTML skills are fundamental for these web-related roles:",
      "bulletPoints": [
        "Frontend Developer",
        "Web Designer",
        "UI/UX Designer",
        "Content Manager",
        "Email Developer",
        "SEO Specialist",
        "Technical Writer",
        "WordPress Developer",
        "Digital Marketing Specialist"
      ]
    }
  }
}
