{
    "allCourses": [
      {
        "id": 1,
        "name": "Java",
        "url": "/coursedetails/Java",
        "description": "Master Java programming with our comprehensive course.",
        "duration": "80+ Hrs",
        "mentor": "1:1 & Group Sessions",
        "salary": "5.5 LPA",
        "hike": "70%",
        "rating": "4.7",
        "reviews": 128,
        "image": "/Java CLH.png",
        "isBestSeller": true,
        "isNew": false,
        "category": "Programming"
      },
      {
        "id": 2,
        "name": "Python",
        "url": "/coursedetails/Python",
        "description": "Learn Python for data science, web development, and automation with hands-on projects.",
        "duration": "60+ Hrs",
        "mentor": "1:1 Mentorship",
        "salary": "6 LPA",
        "hike": "75%",
        "rating": "4.8",
        "reviews": 156,
        "image": "https://images.unsplash.com/photo-1526379095098-d400fd0bf935?ixlib=rb-1.2.1&auto=format&fit=crop&w=500&q=60",
        "isBestSeller": true,
        "isNew": false,
        "category": "Programming"
      },
      {
        "id": 3,
        "name": "R Programming",
        "url": "/coursedetails/R%20Programming",
        "description": "Statistical computing and graphics using R programming language for data analysis.",
        "duration": "50+ Hrs",
        "mentor": "1:1-Many & Job Support",
        "salary": "5.8 LPA",
        "hike": "72%",
        "rating": "4.6",
        "reviews": 89,
        "image": "https://images.unsplash.com/photo-1551269901-5c5e14c25df7?ixlib=rb-1.2.1&auto=format&fit=crop&w=500&q=60",
        "isBestSeller": false,
        "isNew": true,
        "category": "Data Science"
      },
      {
        "id": 4,
        "name": "JavaScript",
        "url": "/coursedetails/JavaScript",
        "description": "Master JavaScript for frontend development and build interactive web applications.",
        "duration": "70+ Hrs",
        "mentor": "1:1 & Job Support",
        "salary": "6.2 LPA",
        "hike": "78%",
        "rating": "4.7",
        "reviews": 142,
        "image": "https://images.unsplash.com/photo-1627398242454-45a1465c2479?ixlib=rb-1.2.1&auto=format&fit=crop&w=500&q=60",
        "isBestSeller": true,
        "isNew": false,
        "category": "Web Development"
      },
      {
        "id": 5,
        "name": "PHP",
        "url": "/coursedetails/PHP",
        "description": "Learn PHP for server-side web development and create dynamic websites.",
        "duration": "65+ Hrs",
        "mentor": "1:1-Many Sessions",
        "salary": "5.3 LPA",
        "hike": "68%",
        "rating": "4.5",
        "reviews": 97,
        "image": "https://images.unsplash.com/photo-1600132806608-231446b2e7af?ixlib=rb-1.2.1&auto=format&fit=crop&w=500&q=60",
        "isBestSeller": false,
        "isNew": false,
        "category": "Web Development"
      },
      {
        "id": 6,
        "name": "Full Stack Developer",
        "url": "/coursedetails/Full%20Stack%20Developer",
        "description": "Become a full-stack developer mastering both frontend and backend technologies.",
        "duration": "120+ Hrs",
        "mentor": "1:1 & Job Support",
        "salary": "7 LPA",
        "hike": "85%",
        "rating": "4.9",
        "reviews": 203,
        "image": "https://images.unsplash.com/photo-1498050108023-c5249f4df085?ixlib=rb-1.2.1&auto=format&fit=crop&w=500&q=60",
        "isBestSeller": true,
        "isNew": false,
        "category": "Web Development"
      },
      {
        "id": 7,
        "name": "Node.js",
        "url": "/coursedetails/Node.js",
        "description": "Learn Node.js for building scalable server-side applications using JavaScript.",
        "duration": "75+ Hrs",
        "mentor": "1:1 Mentorship",
        "salary": "6.5 LPA",
        "hike": "80%",
        "rating": "4.7",
        "reviews": 118,
        "image": "https://images.unsplash.com/photo-1565106430482-8f6e74349ca1?ixlib=rb-1.2.1&auto=format&fit=crop&w=500&q=60",
        "isBestSeller": true,
        "isNew": false,
        "category": "Web Development"
      },
      {
        "id": 8,
        "name": "ReactJS",
        "url": "/coursedetails/ReactJS",
        "description": "Master ReactJS for building modern, interactive user interfaces.",
        "duration": "70+ Hrs",
        "mentor": "1:1 & Job Support",
        "salary": "6.8 LPA",
        "hike": "82%",
        "rating": "4.8",
        "reviews": 176,
        "image": "https://images.unsplash.com/photo-1633356122544-f134324a6cee?ixlib=rb-1.2.1&auto=format&fit=crop&w=500&q=60",
        "isBestSeller": true,
        "isNew": false,
        "category": "Frontend"
      },
      {
        "id": 9,
        "name": "Microsoft Azure",
        "url": "/coursedetails/Microsoft%20Azure",
        "description": "Comprehensive training in Microsoft Azure cloud computing platform.",
        "duration": "90+ Hrs",
        "mentor": "1:1-Many & Job Support",
        "salary": "7.2 LPA",
        "hike": "88%",
        "rating": "4.7",
        "reviews": 132,
        "image": "https://images.unsplash.com/photo-1597852074816-d933c7d2b988?ixlib=rb-1.2.1&auto=format&fit=crop&w=500&q=60",
        "isBestSeller": false,
        "isNew": true,
        "category": "Cloud"
      },
      {
        "id": 10,
        "name": "AWS",
        "url": "/coursedetails/AWS",
        "description": "Build your flourishing career in the field of cloud computing with AWS certification.",
        "duration": "50 Hrs",
        "mentor": "1:1-Many & Job Support",
        "salary": "5 LPA",
        "hike": "90%",
        "rating": "4.8",
        "reviews": 185,
        "image": "https://images.unsplash.com/photo-1610563166150-b34df4f3bcd6?ixlib=rb-1.2.1&auto=format&fit=crop&w=500&q=60",
        "isBestSeller": true,
        "isNew": false,
        "category": "Cloud"
      },
      {
        "id": 11,
        "name": "DevOps",
        "url": "/coursedetails/DevOps",
        "description": "Master DevOps practices for continuous integration and delivery.",
        "duration": "85+ Hrs",
        "mentor": "1:1 & Job Support",
        "salary": "7.5 LPA",
        "hike": "90%",
        "rating": "4.8",
        "reviews": 167,
        "image": "https://images.unsplash.com/photo-1551288049-bebda4e38f71?ixlib=rb-1.2.1&auto=format&fit=crop&w=500&q=60",
        "isBestSeller": true,
        "isNew": false,
        "category": "DevOps"
      },
      {
        "id": 12,
        "name": "Cyber Security",
        "url": "/coursedetails/Cyber%20Security",
        "description": "Learn to protect systems and networks from digital attacks with cybersecurity training.",
        "duration": "95+ Hrs",
        "mentor": "1:1 Mentorship",
        "salary": "6.5 LPA",
        "hike": "85%",
        "rating": "4.7",
        "reviews": 143,
        "image": "https://images.unsplash.com/photo-1563986768609-322da13575f3?ixlib=rb-1.2.1&auto=format&fit=crop&w=500&q=60",
        "isBestSeller": false,
        "isNew": true,
        "category": "Security"
      },
      {
        "id": 13,
        "name": "Ethical Hacking",
        "url": "/coursedetails/Ethical%20Hacking",
        "description": "Learn ethical hacking techniques to identify and fix security vulnerabilities.",
        "duration": "100+ Hrs",
        "mentor": "1:1 & Job Support",
        "salary": "7 LPA",
        "hike": "88%",
        "rating": "4.8",
        "reviews": 156,
        "image": "https://images.unsplash.com/photo-1563986768609-322da13575f3?ixlib=rb-1.2.1&auto=format&fit=crop&w=500&q=60",
        "isBestSeller": true,
        "isNew": false,
        "category": "Security"
      },
      {
        "id": 14,
        "name": "Selenium",
        "url": "/coursedetails/Selenium",
        "description": "Master Selenium for automated testing of web applications.",
        "duration": "60+ Hrs",
        "mentor": "1:1-Many Sessions",
        "salary": "5.5 LPA",
        "hike": "75%",
        "rating": "4.6",
        "reviews": 108,
        "image": "https://images.unsplash.com/photo-1573164713988-8665fc963095?ixlib=rb-1.2.1&auto=format&fit=crop&w=500&q=60",
        "isBestSeller": false,
        "isNew": false,
        "category": "Testing"
      },
      {
        "id": 15,
        "name": "Manual Testing Course",
        "url": "/coursedetails/Manual%20Testing%20Course",
        "description": "Comprehensive training in manual testing methodologies and techniques.",
        "duration": "55+ Hrs",
        "mentor": "1:1 & Job Support",
        "salary": "5 LPA",
        "hike": "70%",
        "rating": "4.5",
        "reviews": 92,
        "image": "https://images.unsplash.com/photo-1573164713988-8665fc963095?ixlib=rb-1.2.1&auto=format&fit=crop&w=500&q=60",
        "isBestSeller": false,
        "isNew": false,
        "category": "Testing"
      },
      {
        "id": 16,
        "name": "JMeter Course",
        "url": "/coursedetails/JMeter%20Course",
        "description": "Learn JMeter for performance testing and load testing of web applications.",
        "duration": "45+ Hrs",
        "mentor": "1:1-Many Sessions",
        "salary": "5.8 LPA",
        "hike": "78%",
        "rating": "4.6",
        "reviews": 87,
        "image": "https://images.unsplash.com/photo-1573164713988-8665fc963095?ixlib=rb-1.2.1&auto=format&fit=crop&w=500&q=60",
        "isBestSeller": false,
        "isNew": true,
        "category": "Testing"
      },
      {
        "id": 17,
        "name": "ETL Testing",
        "url": "/coursedetails/ETL%20Testing",
        "description": "Master ETL (Extract, Transform, Load) testing for data warehousing.",
        "duration": "65+ Hrs",
        "mentor": "1:1 & Job Support",
        "salary": "6.2 LPA",
        "hike": "80%",
        "rating": "4.7",
        "reviews": 103,
        "image": "https://images.unsplash.com/photo-1551288049-bebda4e38f71?ixlib=rb-1.2.1&auto=format&fit=crop&w=500&q=60",
        "isBestSeller": false,
        "isNew": false,
        "category": "Testing"
      },
      {
        "id": 18,
        "name": "LoadRunner",
        "url": "/coursedetails/LoadRunner",
        "description": "Learn LoadRunner for performance testing and measuring system behavior.",
        "duration": "50+ Hrs",
        "mentor": "1:1-Many & Job Support",
        "salary": "6 LPA",
        "hike": "78%",
        "rating": "4.6",
        "reviews": 94,
        "image": "https://images.unsplash.com/photo-1573164713988-8665fc963095?ixlib=rb-1.2.1&auto=format&fit=crop&w=500&q=60",
        "isBestSeller": false,
        "isNew": false,
        "category": "Testing"
      },
      {
        "id": 19,
        "name": "SoapUI",
        "url": "/coursedetails/SoapUI",
        "description": "Master SoapUI for testing SOAP and REST web services.",
        "duration": "40+ Hrs",
        "mentor": "1:1 Sessions",
        "salary": "5.5 LPA",
        "hike": "75%",
        "rating": "4.5",
        "reviews": 82,
        "image": "https://images.unsplash.com/photo-1573164713988-8665fc963095?ixlib=rb-1.2.1&auto=format&fit=crop&w=500&q=60",
        "isBestSeller": false,
        "isNew": false,
        "category": "Testing"
      },
      {
        "id": 20,
        "name": "Data Science Course",
        "url": "/coursedetails/Data%20Science%20Course",
        "description": "Gain valuable insights from both structured and unstructured data.",
        "duration": "100+ Hrs",
        "mentor": "1:1-Many & Job Support",
        "salary": "6 LPA",
        "hike": "80%",
        "rating": "4.9",
        "reviews": 210,
        "image": "https://images.unsplash.com/photo-1551288049-bebda4e38f71?ixlib=rb-1.2.1&auto=format&fit=crop&w=500&q=60",
        "isBestSeller": true,
        "isNew": false,
        "category": "Data Science"
      },
      {
        "id": 21,
        "name": "Artificial Intelligence",
        "url": "/coursedetails/Artificial%20Intelligence",
        "description": "Learn AI concepts including machine learning, neural networks, and deep learning.",
        "duration": "110+ Hrs",
        "mentor": "1:1 Mentorship",
        "salary": "7.5 LPA",
        "hike": "90%",
        "rating": "4.8",
        "reviews": 187,
        "image": "https://images.unsplash.com/photo-1620712943543-bcc4688e7485?ixlib=rb-1.2.1&auto=format&fit=crop&w=500&q=60",
        "isBestSeller": true,
        "isNew": false,
        "category": "AI/ML"
      },
      {
        "id": 22,
        "name": "Digital Marketing",
        "url": "/coursedetails/Digital%20Marketing",
        "description": "Master digital marketing strategies including SEO, SEM, and social media marketing.",
        "duration": "70+ Hrs",
        "mentor": "1:1-Many Sessions",
        "salary": "5 LPA",
        "hike": "75%",
        "rating": "4.7",
        "reviews": 134,
        "image": "https://images.unsplash.com/photo-1599658880436-c61792e70672?ixlib=rb-1.2.1&auto=format&fit=crop&w=500&q=60",
        "isBestSeller": false,
        "isNew": true,
        "category": "Marketing"
      },
      {
        "id": 23,
        "name": "Excel",
        "url": "/coursedetails/Microsoft%20Excel",
        "description": "Master Microsoft Excel for data analysis, visualization, and business intelligence.",
        "duration": "40+ Hrs",
        "mentor": "1:1-Many Sessions",
        "salary": "4.5 LPA",
        "hike": "65%",
        "rating": "4.6",
        "reviews": 156,
        "image": "https://images.unsplash.com/photo-1614436163996-25cee5f54290?ixlib=rb-1.2.1&auto=format&fit=crop&w=500&q=60",
        "isBestSeller": false,
        "isNew": false,
        "category": "Office"
      },
      {
        "id": 24,
        "name": "HTML",
        "url": "/coursedetails/HTML",
        "description": "Learn HTML5 for structuring and presenting content on the World Wide Web.",
        "duration": "30+ Hrs",
        "mentor": "1:1-Many Sessions",
        "salary": "4 LPA",
        "hike": "60%",
        "rating": "4.5",
        "reviews": 128,
        "image": "https://images.unsplash.com/photo-1621839673705-6617adf9e890?ixlib=rb-1.2.1&auto=format&fit=crop&w=500&q=60",
        "isBestSeller": false,
        "isNew": false,
        "category": "Web Development"
      },
      {
        "id": 25,
        "name": "UI and UX",
        "url": "/coursedetails/UI%20and%20UX",
        "description": "Master UI/UX design principles for creating engaging user experiences.",
        "duration": "80+ Hrs",
        "mentor": "1:1 & Job Support",
        "salary": "6 LPA",
        "hike": "80%",
        "rating": "4.7",
        "reviews": 142,
        "image": "https://images.unsplash.com/photo-1496171367470-9ed9a91ea931?ixlib=rb-1.2.1&auto=format&fit=crop&w=500&q=60",
        "isBestSeller": true,
        "isNew": false,
        "category": "Design"
      },
      {
        "id": 26,
        "name": "Salesforce",
        "url": "/coursedetails/Salesforce",
        "description": "Become a Salesforce administrator and developer with comprehensive training.",
        "duration": "90+ Hrs",
        "mentor": "1:1 & Job Support",
        "salary": "7 LPA",
        "hike": "85%",
        "rating": "4.8",
        "reviews": 167,
        "image": "https://images.unsplash.com/photo-1622372738946-62e02505feb3?ixlib=rb-1.2.1&auto=format&fit=crop&w=500&q=60",
        "isBestSeller": true,
        "isNew": false,
        "category": "CRM"
      },
      {
        "id": 27,
        "name": "C Sharp",
        "url": "/coursedetails/C%20Sharp",
        "description": "Master C# programming language for building Windows applications and games.",
        "duration": "75+ Hrs",
        "mentor": "1:1 Mentorship",
        "salary": "6 LPA",
        "hike": "78%",
        "rating": "4.7",
        "reviews": 118,
        "image": "https://images.unsplash.com/photo-1607252650355-f7fd0460ccdb?ixlib=rb-1.2.1&auto=format&fit=crop&w=500&q=60",
        "isBestSeller": false,
        "isNew": false,
        "category": "Programming"
      },
      {
        "id": 28,
        "name": "UNIX SHELL Scripting",
        "url": "/coursedetails/UNIX%20SHELL%20Scripting",
        "description": "Learn UNIX shell scripting for automating tasks and system administration.",
        "duration": "50+ Hrs",
        "mentor": "1:1-Many Sessions",
        "salary": "5.5 LPA",
        "hike": "75%",
        "rating": "4.6",
        "reviews": 97,
        "image": "https://images.unsplash.com/photo-1614680376573-df3480f0c6ff?ixlib=rb-1.2.1&auto=format&fit=crop&w=500&q=60",
        "isBestSeller": false,
        "isNew": false,
        "category": "DevOps"
      },
      {
        "id": 29,
        "name": "Workday HCM",
        "url": "/coursedetails/Workday%20HCM",
        "description": "Comprehensive training in Workday Human Capital Management system.",
        "duration": "85+ Hrs",
        "mentor": "1:1 & Job Support",
        "salary": "7 LPA",
        "hike": "85%",
        "rating": "4.7",
        "reviews": 103,
        "image": "https://images.unsplash.com/photo-1551288049-bebda4e38f71?ixlib=rb-1.2.1&auto=format&fit=crop&w=500&q=60",
        "isBestSeller": false,
        "isNew": true,
        "category": "HR"
      },
      {
        "id": 30,
        "name": "Salesforce Online Training",
        "url": "/coursedetails/Salesforce%20Online%20Training",
        "description": "Online training program for Salesforce administrators and developers.",
        "duration": "80+ Hrs",
        "mentor": "1:1-Many & Job Support",
        "salary": "6.5 LPA",
        "hike": "82%",
        "rating": "4.7",
        "reviews": 128,
        "image": "https://images.unsplash.com/photo-1622372738946-62e02505feb3?ixlib=rb-1.2.1&auto=format&fit=crop&w=500&q=60",
        "isBestSeller": true,
        "isNew": false,
        "category": "CRM"
      },
      {
        "id": 31,
        "name": "Salesforce Developer",
        "url": "/coursedetails/Salesforce%20Developer",
        "description": "Specialized training for becoming a certified Salesforce developer.",
        "duration": "100+ Hrs",
        "mentor": "1:1 Mentorship",
        "salary": "7.5 LPA",
        "hike": "90%",
        "rating": "4.8",
        "reviews": 145,
        "image": "https://images.unsplash.com/photo-1622372738946-62e02505feb3?ixlib=rb-1.2.1&auto=format&fit=crop&w=500&q=60",
        "isBestSeller": true,
        "isNew": false,
        "category": "CRM"
      },
      {
        "id": 32,
        "name": "Azure DevOps",
        "url": "/coursedetails/Azure%20DevOps",
        "description": "Master Azure DevOps for implementing CI/CD pipelines and cloud deployments.",
        "duration": "90+ Hrs",
        "mentor": "1:1 & Job Support",
        "salary": "7.2 LPA",
        "hike": "88%",
        "rating": "4.8",
        "reviews": 132,
        "image": "https://images.unsplash.com/photo-1597852074816-d933c7d2b988?ixlib=rb-1.2.1&auto=format&fit=crop&w=500&q=60",
        "isBestSeller": true,
        "isNew": false,
        "category": "DevOps"
      },
      {
        "id": 33,
        "name": "Angular",
        "url": "/coursedetails/Angular",
        "description": "Master Angular framework for building dynamic single-page applications.",
        "duration": "75+ Hrs",
        "mentor": "1:1-Many & Job Support",
        "salary": "6.5 LPA",
        "hike": "82%",
        "rating": "4.7",
        "reviews": 138,
        "image": "https://images.unsplash.com/photo-1633356122102-3fe601e05bd2?ixlib=rb-1.2.1&auto=format&fit=crop&w=500&q=60",
        "isBestSeller": true,
        "isNew": false,
        "category": "Frontend"
      },
      {
        "id": 34,
        "name": "WordPress",
        "url": "/coursedetails/WordPress",
        "description": "Learn WordPress for building professional websites and blogs.",
        "duration": "50+ Hrs",
        "mentor": "1:1-Many Sessions",
        "salary": "5 LPA",
        "hike": "75%",
        "rating": "4.6",
        "reviews": 156,
        "image": "https://images.unsplash.com/photo-1564865878688-9a244444042a?ixlib=rb-1.2.1&auto=format&fit=crop&w=500&q=60",
        "isBestSeller": false,
        "isNew": false,
        "category": "CMS"
      },
      {
        "id": 35,
        "name": "CSS Online",
        "url": "/coursedetails/CSS%20Online",
        "description": "Master CSS3 for styling and designing beautiful web pages.",
        "duration": "40+ Hrs",
        "mentor": "1:1-Many Sessions",
        "salary": "4.5 LPA",
        "hike": "70%",
        "rating": "4.5",
        "reviews": 142,
        "image": "https://images.unsplash.com/photo-1621839673705-6617adf9e890?ixlib=rb-1.2.1&auto=format&fit=crop&w=500&q=60",
        "isBestSeller": false,
        "isNew": false,
        "category": "Web Development"
      },
      {
        "id": 36,
        "name": "Machine Learning",
        "url": "/coursedetails/Machine%20Learning",
        "description": "Learn machine learning algorithms and techniques for predictive modeling.",
        "duration": "110+ Hrs",
        "mentor": "1:1 Mentorship",
        "salary": "7.8 LPA",
        "hike": "92%",
        "rating": "4.8",
        "reviews": 178,
        "image": "https://images.unsplash.com/photo-1620712943543-bcc4688e7485?ixlib=rb-1.2.1&auto=format&fit=crop&w=500&q=60",
        "isBestSeller": true,
        "isNew": false,
        "category": "AI/ML"
      },
      {
        "id": 37,
        "name": "Data Science With Python",
        "url": "/coursedetails/Data%20Science%20With%20Python",
        "description": "Data science specialization using Python programming language.",
        "duration": "100+ Hrs",
        "mentor": "1:1 & Job Support",
        "salary": "6.5 LPA",
        "hike": "85%",
        "rating": "4.9",
        "reviews": 192,
        "image": "https://images.unsplash.com/photo-1526379095098-d400fd0bf935?ixlib=rb-1.2.1&auto=format&fit=crop&w=500&q=60",
        "isBestSeller": true,
        "isNew": false,
        "category": "Data Science"
      },
      {
        "id": 38,
        "name": "Machine Learning with Python",
        "url": "/coursedetails/Machine%20Learning%20with%20Python",
        "description": "Implement machine learning algorithms using Python libraries.",
        "duration": "105+ Hrs",
        "mentor": "1:1 Mentorship",
        "salary": "7.2 LPA",
        "hike": "88%",
        "rating": "4.8",
        "reviews": 167,
        "image": "https://images.unsplash.com/photo-1526379095098-d400fd0bf935?ixlib=rb-1.2.1&auto=format&fit=crop&w=500&q=60",
        "isBestSeller": true,
        "isNew": false,
        "category": "AI/ML"
      },
      {
        "id": 39,
        "name": "Machine Learning using R",
        "url": "/coursedetails/Machine%20Learning%20using%20R",
        "description": "Implement machine learning algorithms using R programming language.",
        "duration": "95+ Hrs",
        "mentor": "1:1 & Job Support",
        "salary": "6.8 LPA",
        "hike": "85%",
        "rating": "4.7",
        "reviews": 143,
        "image": "https://images.unsplash.com/photo-1551269901-5c5e14c25df7?ixlib=rb-1.2.1&auto=format&fit=crop&w=500&q=60",
        "isBestSeller": false,
        "isNew": false,
        "category": "AI/ML"
      },
      {
        "id": 40,
        "name": "MySQL",
        "url": "/coursedetails/MySQL",
        "description": "Master MySQL for database management and administration.",
        "duration": "60+ Hrs",
        "mentor": "1:1-Many Sessions",
        "salary": "5.5 LPA",
        "hike": "78%",
        "rating": "4.6",
        "reviews": 128,
        "image": "https://images.unsplash.com/photo-1605711285791-0219e80e43a3?ixlib=rb-1.2.1&auto=format&fit=crop&w=500&q=60",
        "isBestSeller": false,
        "isNew": false,
        "category": "Database"
      },
      {
        "id": 41,
        "name": "SQL with PHP",
        "url": "/coursedetails/SQL%20with%20PHP",
        "description": "Learn to integrate SQL databases with PHP for dynamic web applications.",
        "duration": "70+ Hrs",
        "mentor": "1:1-Many & Job Support",
        "salary": "5.8 LPA",
        "hike": "80%",
        "rating": "4.7",
        "reviews": 112,
        "image": "https://images.unsplash.com/photo-1605711285791-0219e80e43a3?ixlib=rb-1.2.1&auto=format&fit=crop&w=500&q=60",
        "isBestSeller": false,
        "isNew": false,
        "category": "Database"
      },
      {
        "id": 42,
        "name": "Microsoft Dynamics 365",
        "url": "/coursedetails/Microsoft%20Dynamics%20365",
        "description": "Comprehensive training in Microsoft Dynamics 365 ERP system.",
        "duration": "95+ Hrs",
        "mentor": "1:1 & Job Support",
        "salary": "7 LPA",
        "hike": "85%",
        "rating": "4.7",
        "reviews": 103,
        "image": "https://images.unsplash.com/photo-1597852074816-d933c7d2b988?ixlib=rb-1.2.1&auto=format&fit=crop&w=500&q=60",
        "isBestSeller": false,
        "isNew": true,
        "category": "ERP"
      },
      {
        "id": 43,
        "name": "Microsoft Excel",
        "url": "/coursedetails/Microsoft%20Excel",
        "description": "Advanced Excel training for data analysis and business intelligence.",
        "duration": "45+ Hrs",
        "mentor": "1:1-Many Sessions",
        "salary": "4.8 LPA",
        "hike": "70%",
        "rating": "4.6",
        "reviews": 178,
        "image": "https://images.unsplash.com/photo-1614436163996-25cee5f54290?ixlib=rb-1.2.1&auto=format&fit=crop&w=500&q=60",
        "isBestSeller": false,
        "isNew": false,
        "category": "Office"
            },
            {
              "id": 44,
              "name": "Excel Macros and VBA",
              "url": "/coursedetails/Excel%20Macros%20and%20VBA",
              "description": "Learn to automate Excel tasks using VBA programming and macros.",
              "duration": "30+ Hrs",
              "mentor": "1:1-Many Sessions",
              "salary": "5.2 LPA",
              "hike": "75%",
              "rating": "4.7",
              "reviews": 145,
              "image": "/VBA CLH.png",
              "isBestSeller": true,
              "isNew": false,
              "category": "Office"
            },
            {
              "id": 45,
              "name": "jQuery",
              "url": "/coursedetails/jQuery",
              "description": "Master jQuery for interactive web development and DOM manipulation.",
              "duration": "25+ Hrs",
              "mentor": "1:1-Many Sessions",
              "salary": "6.0 LPA",
              "hike": "80%",
              "rating": "4.5",
              "reviews": 120,
              "image": "https://images.unsplash.com/photo-1627398242454-45a1465c2479?ixlib=rb-1.2.1&auto=format&fit=crop&w=500&q=60",
              "isBestSeller": false,
              "isNew": true,
              "category": "Web Development"
            },
            {
              "id": 46,
              "name": "SAP FICO",
              "url": "/courses/sap/SAP%20FICO",
              "description": "Comprehensive training in SAP Financial Accounting and Controlling.",
              "duration": "60+ Hrs",
              "mentor": "1:1-Many Sessions",
              "salary": "8.5 LPA",
              "hike": "90%",
              "rating": "4.8",
              "reviews": 210,
              "image": "/FICO CLH.jpg",
              "isBestSeller": true,
              "isNew": false,
              "category": "SAP"
            },
            {
              "id": 47,
              "name": "SAP MM",
              "url": "/courses/sap/SAP%20MM",
              "description": "Learn SAP Materials Management for efficient inventory and procurement processes.",
              "duration": "55+ Hrs",
              "mentor": "1:1-Many Sessions",
              "salary": "8.0 LPA",
              "hike": "85%",
              "rating": "4.7",
              "reviews": 195,
              "image": "/MM CLH.jpg",
              "isBestSeller": false,
              "isNew": false,
              "category": "SAP"
            },
            {
              "id": 48,
              "name": "SAP SD",
              "url": "/courses/sap/SAP%20SD",
              "description": "Master SAP Sales and Distribution for order processing and shipping.",
              "duration": "50+ Hrs",
              "mentor": "1:1-Many Sessions",
              "salary": "8.2 LPA",
              "hike": "88%",
              "rating": "4.6",
              "reviews": 180,
              "image": "/SD CLH.jpg",
              "isBestSeller": true,
              "isNew": false,
              "category": "SAP"
            },
            {
              "id": 49,
              "name": "SAP PP",
              "url": "/courses/sap/SAP%20PP",
              "description": "Learn SAP Production Planning for manufacturing and production processes.",
              "duration": "50+ Hrs",
              "mentor": "1:1-Many Sessions",
              "salary": "7.8 LPA",
              "hike": "82%",
              "rating": "4.5",
              "reviews": 165,
              "image": "/pp CLH.png",
              "isBestSeller": false,
              "isNew": true,
              "category": "SAP"
            },
            {
              "id": 50,
              "name": "SAP ABAP",
              "url": "/courses/sap/SAP%20ABAP",
              "description": "Advanced ABAP programming for custom SAP development and enhancements.",
              "duration": "65+ Hrs",
              "mentor": "1:1-Many Sessions",
              "salary": "9.0 LPA",
              "hike": "95%",
              "rating": "4.9",
              "reviews": 230,
              "image": "/abap CLH.jpg",
              "isBestSeller": true,
              "isNew": false,
              "category": "SAP"
            },
            {
              "id": 51,
              "name": "Oracle Financials",
              "url": "/courses/oracle/Oracle%20Financials",
              "description": "Comprehensive training in Oracle Financials for accounting and financial management.",
              "duration": "55+ Hrs",
              "mentor": "1:1-Many Sessions",
              "salary": "8.0 LPA",
              "hike": "85%",
              "rating": "4.7",
              "reviews": 190,
              "image": "/fin CLH.png",
              "isBestSeller": true,
              "isNew": false,
              "category": "Oracle"
            },
            {
              "id": 52,
              "name": "Oracle SCM",
              "url": "/courses/oracle/Oracle%20SCM",
              "description": "Master Oracle Supply Chain Management for logistics and inventory control.",
              "duration": "50+ Hrs",
              "mentor": "1:1-Many Sessions",
              "salary": "7.5 LPA",
              "hike": "80%",
              "rating": "4.6",
              "reviews": 175,
              "image": "/scm CLH.png",
              "isBestSeller": false,
              "isNew": false,
              "category": "Oracle"
            },
            {
              "id": 53,
              "name": "Oracle HCM",
              "url": "/courses/oracle/Oracle%20HCM",
              "description": "Learn Oracle Human Capital Management for HR processes and talent management.",
              "duration": "45+ Hrs",
              "mentor": "1:1-Many Sessions",
              "salary": "7.2 LPA",
              "hike": "78%",
              "rating": "4.5",
              "reviews": 160,
              "image": "/hcm CLH.png",
              "isBestSeller": false,
              "isNew": true,
              "category": "Oracle"
            }
            
          ]
      }