{
  "categories": [
    {
      "name": "Oracle",
      "sub_categories": [
        {
          "course_name": "Oracle Financials",
          "description": "Comprehensive training on Oracle Financials covering General Ledger, AP, AR, FA and Cash Management.",
          "what_youll_learn": [
            "Oracle Financials implementation and configuration",
            "General Ledger setup and processing",
            "Accounts Payable and Receivable management",
            "Fixed Assets accounting",
            "Cash Management and Treasury",
            "Financial reporting and analysis",
            "Integration with other Oracle modules"
          ],
          "syllabus": [
            {
              "module": "General Ledger",
              "subtopics": [
                "Chart of Accounts setup",
                "Calendar and Currency configuration",
                "Journal entry processing",
                "Budgeting and allocations",
                "Financial reporting"
              ]
            },
            {
              "module": "Accounts Payable",
              "subtopics": [
                "Vendor setup and management",
                "Invoice processing",
                "Payment processing",
                "1099 reporting",
                "AP month-end close"
              ]
            },
            {
              "module": "Accounts Receivable",
              "subtopics": [
                "Customer setup and management",
                "Transaction processing",
                "Receipts application",
                "Collections management",
                "AR month-end close"
              ]
            }
          ]
        },
        {
          "course_name": "Oracle SCM",
          "description": "Learn Oracle Supply Chain Management covering Inventory, Order Management, Purchasing and Manufacturing.",
          "what_youll_learn": [
            "Oracle SCM implementation and configuration",
            "Inventory management techniques",
            "Order management processes",
            "Purchasing and procurement",
            "Manufacturing operations",
            "Warehouse management",
            "Integration with Financials"
          ],
          "syllabus": [
            {
              "module": "Inventory Management",
              "subtopics": [
                "Item master setup",
                "Organization structure",
                "Inventory transactions",
                "Cycle counting",
                "Inventory valuation"
              ]
            },
            {
              "module": "Order Management",
              "subtopics": [
                "Order entry and processing",
                "Pricing and discounts",
                "Shipping execution",
                "Backorder management",
                "Returns processing"
              ]
            },
            {
              "module": "Purchasing",
              "subtopics": [
                "Supplier management",
                "Requisitioning",
                "Purchase orders",
                "Receiving",
                "Invoice matching"
              ]
            }
          ]
        },
        {
          "course_name": "Oracle HCM",
          "description": "Master Oracle Human Capital Management covering Core HR, Payroll, Talent Management and Self-Service.",
          "what_youll_learn": [
            "Oracle HCM implementation and configuration",
            "Core HR processes",
            "Payroll processing",
            "Benefits administration",
            "Talent management",
            "Self-service functionality",
            "Reporting and analytics"
          ],
          "syllabus": [
            {
              "module": "Core HR",
              "subtopics": [
                "Organization structure",
                "Person and employment models",
                "Workforce management",
                "Absence management",
                "HR reporting"
              ]
            },
            {
              "module": "Payroll",
              "subtopics": [
                "Payroll setup",
                "Element configuration",
                "Payroll processing",
                "Tax reporting",
                "Payroll reconciliation"
              ]
            },
            {
              "module": "Talent Management",
              "subtopics": [
                "Recruitment",
                "Performance management",
                "Career development",
                "Succession planning",
                "Learning management"
              ]
            }
          ]
        }
      ]
    }
  ]
}
