{
  "categories": [
    {
      "name": "SAP",
      "sub_categories": [
        {
          "course_name": "SAP FICO",
          "description": "Master SAP Financial Accounting (FI) and Controlling (CO) modules with hands-on training from industry experts.",
          "what_youll_learn": [
            "SAP FICO configuration and implementation",
            "General Ledger, Accounts Payable & Receivable",
            "Asset Accounting and Bank Accounting",
            "Cost Element and Cost Center Accounting",
            "Profit Center Accounting and Internal Orders",
            "Product Costing and Profitability Analysis",
            "Integration with other SAP modules",
            "Real-time project scenarios"
          ],
          "syllabus": [
            {
              "module": "Introduction to SAP FICO",
              "subtopics": [
                "Overview of SAP ERP",
                "SAP FICO Architecture",
                "Organizational Structure in SAP",
                "Client, Company Code, Chart of Accounts",
                "Fiscal Year Variant, Posting Periods"
              ]
            },
            {
              "module": "General Ledger Accounting",
              "subtopics": [
                "Chart of Accounts Design",
                "GL Account Master Data",
                "Document Types and Number Ranges",
                "Posting Transactions",
                "Parked and Held Documents",
                "Account Balances and Reports"
              ]
            },
            {
              "module": "Accounts Payable",
              "subtopics": [
                "Vendor Master Data",
                "Invoice Processing",
                "Payment Program Configuration",
                "Automatic Payment Methods",
                "Down Payments and Special GL Transactions",
                "Account Analysis and Reconciliation"
              ]
            },
            {
              "module": "Accounts Receivable",
              "subtopics": [
                "Customer Master Data",
                "Invoice and Credit Memo Processing",
                "Payment Processing",
                "Dunning Configuration",
                "Lockbox Processing",
                "Credit Management"
              ]
            },
            {
              "module": "Asset Accounting",
              "subtopics": [
                "Asset Master Data",
                "Acquisition and Retirement",
                "Depreciation Calculation",
                "Asset Transfers",
                "Asset Reports",
                "Integration with Fixed Assets"
              ]
            }
          ]
        },
        {
          "course_name": "SAP MM",
          "description": "Learn SAP Materials Management module covering procurement, inventory management, and logistics processes.",
          "what_youll_learn": [
            "SAP MM configuration and customization",
            "Procurement process from purchase requisition to payment",
            "Inventory management techniques",
            "Material Master and Vendor Master data",
            "Invoice verification and material valuation",
            "Integration with FI, SD, and PP modules",
            "Reporting and analytics in MM"
          ],
          "syllabus": [
            {
              "module": "Introduction to SAP MM",
              "subtopics": [
                "Overview of SAP MM",
                "Organizational Structure in MM",
                "Plants, Storage Locations, Purchasing Orgs",
                "Material Master Data",
                "Vendor Master Data"
              ]
            },
            {
              "module": "Procurement Process",
              "subtopics": [
                "Purchase Requisition",
                "Request for Quotation",
                "Purchase Order Processing",
                "Outline Agreements",
                "Source Determination",
                "Release Strategy"
              ]
            },
            {
              "module": "Inventory Management",
              "subtopics": [
                "Goods Receipt Processing",
                "Goods Issue Processing",
                "Stock Transfers",
                "Physical Inventory",
                "Reservations",
                "Special Stocks"
              ]
            },
            {
              "module": "Invoice Verification",
              "subtopics": [
                "Invoice Processing",
                "Credit Memo Processing",
                "Evaluated Receipt Settlement",
                "Parking and Blocking Invoices",
                "Integration with FI"
              ]
            },
            {
              "module": "Reporting and Analytics",
              "subtopics": [
                "Standard Reports in MM",
                "Inventory Reports",
                "Purchase Information System",
                "Logistics Information System",
                "Custom Reports"
              ]
            }
          ]
        },
        {
          "course_name": "SAP SD",
          "description": "Comprehensive training on SAP Sales and Distribution module covering order-to-cash processes.",
          "what_youll_learn": [
            "SAP SD configuration and implementation",
            "Master data in SD (Customer, Material, Pricing)",
            "Sales order processing and management",
            "Billing and invoicing processes",
            "Credit management and rebate processing",
            "Integration with MM, FI, and CO modules",
            "Reporting and analytics in SD"
          ],
          "syllabus": [
            {
              "module": "Introduction to SAP SD",
              "subtopics": [
                "Overview of SAP SD",
                "Organizational Structure in SD",
                "Sales Area, Distribution Channels",
                "Customer Master Data",
                "Material Master Data for Sales"
              ]
            },
            {
              "module": "Basic Functions",
              "subtopics": [
                "Partner Functions",
                "Text Determination",
                "Output Determination",
                "Material Determination",
                "Item Proposal"
              ]
            },
            {
              "module": "Sales Documents",
              "subtopics": [
                "Sales Document Types",
                "Sales Order Processing",
                "Schedule Line Categories",
                "Delivery Processing",
                "Billing Documents"
              ]
            },
            {
              "module": "Pricing and Taxation",
              "subtopics": [
                "Pricing Procedure Determination",
                "Condition Technique",
                "Tax Determination",
                "Rebate Processing",
                "Credit Management"
              ]
            },
            {
              "module": "Advanced Topics",
              "subtopics": [
                "Availability Check",
                "Transfer of Requirements",
                "Route Determination",
                "Serial Number Management",
                "Reporting in SD"
              ]
            }
          ]
        },
        {
          "course_name": "SAP PP",
          "description": "Learn SAP Production Planning module covering manufacturing processes and MRP.",
          "what_youll_learn": [
            "SAP PP configuration and implementation",
            "Master data in PP (Material, BOM, Work Center)",
            "Discrete and process manufacturing",
            "Material Requirements Planning (MRP)",
            "Production orders and confirmations",
            "Integration with MM, SD, and CO modules",
            "Reporting and analytics in PP"
          ],
          "syllabus": [
            {
              "module": "Introduction to SAP PP",
              "subtopics": [
                "Overview of SAP PP",
                "Organizational Structure in PP",
                "Work Centers and Routings",
                "Bill of Materials (BOM)",
                "Production Versions"
              ]
            },
            {
              "module": "Master Data",
              "subtopics": [
                "Material Master for PP",
                "Work Center Master Data",
                "Routing and Rate Routing",
                "Production Resources/Tools",
                "Production Scheduling Profile"
              ]
            },
            {
              "module": "MRP and Demand Management",
              "subtopics": [
                "MRP Views in Material Master",
                "MRP Procedures",
                "Planning Strategies",
                "Consumption-Based Planning",
                "Forecasting"
              ]
            },
            {
              "module": "Production Orders",
              "subtopics": [
                "Order Types and Parameters",
                "Order Creation and Release",
                "Goods Movements",
                "Confirmations",
                "Settlement"
              ]
            },
            {
              "module": "Repetitive Manufacturing",
              "subtopics": [
                "REM Profile",
                "Production Versions",
                "Backflushing",
                "Kanban",
                "Reporting in PP"
              ]
            }
          ]
        },
        {
          "course_name": "SAP ABAP",
          "description": "Learn SAP ABAP programming language for custom development and enhancements.",
          "what_youll_learn": [
            "ABAP programming fundamentals",
            "Data dictionary objects",
            "Modularization techniques",
            "Reports and dialog programming",
            "Enhancements and modifications",
            "ALV and SmartForms",
            "Object-oriented ABAP"
          ],
          "syllabus": [
            {
              "module": "ABAP Basics",
              "subtopics": [
                "Introduction to ABAP",
                "Data Types and Variables",
                "Operators and Expressions",
                "Control Statements",
                "Internal Tables"
              ]
            },
            {
              "module": "Data Dictionary",
              "subtopics": [
                "Database Tables",
                "Views",
                "Data Elements and Domains",
                "Search Helps",
                "Lock Objects"
              ]
            },
            {
              "module": "Modularization",
              "subtopics": [
                "Subroutines",
                "Function Modules",
                "Macros",
                "Includes",
                "Performance Techniques"
              ]
            },
            {
              "module": "Reports and Dialog Programming",
              "subtopics": [
                "Selection Screens",
                "Classical and Interactive Reports",
                "ALV Reports",
                "Screen Programming",
                "Table Controls"
              ]
            },
            {
              "module": "Enhancements and OOABAP",
              "subtopics": [
                "User Exits and BADIs",
                "Enhancement Framework",
                "Object-Oriented Concepts",
                "Classes and Methods",
                "Interfaces and Inheritance"
              ]
            }
          ]
        }
      ]
    }
  ]
}
